{
"autoplayBgm":true,"autoplayBgs":false,"battleback1Name":"","battleback2Name":"","bgm":{"name":"Punchy Music","pan":0,"pitch":100,"volume":90},"bgs":{"name":"","pan":0,"pitch":100,"volume":90},"disableDashing":false,"displayName":"","encounterList":[],"encounterStep":30,"height":14,"note":"","parallaxLoopX":false,"parallaxLoopY":false,"parallaxName":"","parallaxShow":true,"parallaxSx":0,"parallaxSy":0,"scrollType":0,"specifyBattleback":false,"tilesetId":1,"width":17,
"data":[0,0,0,0,0,0,0,0,0,0,0,0,0,0,0,0,0,0,0,0,0,0,0,0,0,0,0,0,0,0,0,0,0,0,0,0,0,0,0,0,0,0,0,0,0,0,0,0,0,0,0,0,0,0,0,0,0,0,0,0,0,0,0,0,0,0,0,0,0,0,0,0,0,0,0,0,0,0,0,0,0,0,0,0,0,0,0,0,0,0,0,0,0,0,0,0,0,0,0,0,0,0,0,0,0,0,0,0,0,0,0,0,0,0,0,0,0,0,0,0,0,0,0,0,0,0,0,0,0,0,0,0,0,0,0,0,0,0,0,0,0,0,0,0,0,0,0,0,0,0,0,0,0,0,0,0,0,0,0,0,0,0,0,0,0,0,0,0,0,0,0,0,0,0,0,0,0,0,0,0,0,0,0,0,0,0,0,0,0,0,0,0,0,0,0,0,0,0,0,0,0,0,0,0,0,0,0,0,0,0,0,0,0,0,0,0,0,0,0,0,0,0,0,0,0,0,0,0,0,0,0,0,0,0,0,0,0,0,0,0,0,0,0,0,0,0,0,0,0,0,0,0,0,0,0,0,0,0,0,0,0,0,0,0,0,0,0,0,0,0,0,0,0,0,0,0,0,0,0,0,0,0,0,0,0,0,0,0,0,0,0,0,0,0,0,0,0,0,0,0,0,0,0,0,0,0,0,0,0,0,0,0,0,0,0,0,0,0,0,0,0,0,0,0,0,0,0,0,0,0,0,0,0,0,0,0,0,0,0,0,0,0,0,0,0,0,0,0,0,0,0,0,0,0,0,0,0,0,0,0,0,0,0,0,0,0,0,0,0,0,0,0,0,0,0,0,0,0,0,0,0,0,0,0,0,0,0,0,0,0,0,0,0,0,0,0,0,0,0,0,0,0,0,0,0,0,0,0,0,0,0,0,0,0,0,0,0,0,0,0,0,0,0,0,0,0,0,0,0,0,0,0,0,0,0,0,0,0,0,0,0,0,0,0,0,0,0,0,0,0,0,0,0,0,0,0,0,0,0,0,0,0,0,0,0,0,0,0,0,0,0,0,0,0,0,0,0,0,0,0,0,0,0,0,0,0,0,0,0,0,0,0,0,0,0,0,0,0,0,0,0,0,0,0,0,0,0,0,0,0,0,0,0,0,0,0,0,0,0,0,0,0,0,0,0,64,64,64,64,64,64,64,0,0,0,64,64,64,64,64,64,64,90,90,64,0,0,0,64,46,168,46,64,11,11,11,11,11,11,0,90,64,0,0,10,89,38,39,38,89,11,0,11,0,11,11,11,90,64,11,11,152,64,46,168,46,64,11,0,0,11,0,11,11,90,0,38,39,38,39,46,39,38,64,0,11,0,11,0,0,0,90,0,46,168,46,160,46,160,46,64,11,11,11,11,11,21,11,90,64,64,64,64,64,64,64,64,64,64,64,83,89,89,89,89,92,64,0,0,0,0,0,0,0,0,0,0,38,0,0,0,0,64,64,0,0,0,0,0,0,0,0,0,0,0,0,0,0,0,64,64,11,11,11,11,11,11,11,11,11,11,11,11,11,11,11,64,0,0,0,0,0,0,0,0,0,0,0,0,0,0,0,0,0,64,64,64,64,64,64,64,64,64,64,64,64,64,64,64,64,64,64,64,64,64,64,64,64,64,64,64,64,64,64,64,64,64,64,64,64,64,64,64,64,64,64,64,64,64,64,64,64,64,83,84,36,58,58,58,35,64,64,64,36,58,58,58,58,58,58,58,35,44,46,39,38,43,64,64,64,44,38,39,160,46,38,160,47,43,44,25,10,144,43,89,89,89,44,22,11,2,10,2,152,15,43,52,50,50,50,51,64,64,64,44,30,11,11,21,11,27,21,43,64,64,64,64,64,64,64,64,44,11,19,11,28,11,11,11,43,64,64,64,64,64,64,64,64,52,50,50,50,50,50,50,50,51,36,58,58,58,58,58,58,58,58,58,58,58,58,58,58,58,35,44,38,38,38,38,38,38,38,38,38,38,47,38,38,38,38,43,44,11,11,11,11,11,11,11,11,11,11,11,11,11,11,11,43,52,50,50,50,50,50,50,50,50,50,50,50,50,50,50,50,51,64,64,64,64,64,64,64,64,64,64,64,64,64,64,64,64,64,0,0,0,0,0,0,0,0,0,0,0,0,0,0,0,0,0,0,0,0,0,0,0,0,0,0,0,0,0,0,0,0,0,0,0,0,0,0,0,0,0,0,0,0,0,0,0,0,0,0,0,0,0,0,0,0,0,0,0,0,0,0,0,0,0,0,0,0,0,0,0,0,0,0,0,0,0,0,0,0,0,0,0,0,0,0,0,0,0,0,0,0,0,0,0,0,0,0,0,0,0,0,0,0,0,0,0,0,0,0,0,0,0,0,0,0,0,0,0,0,0,0,0,0,0,0,0,0,0,0,0,0,0,0,0,0,0,0,0,0,0,0,0,0,0,0,0,0,0,0,0,0,0,0,0,0,0,0,0,0,0,0,0,0,0,0,0,0,0,0,0,0,0,0,0,0,0,0,0,0,0,0,0,0,0,0,0,0,0,0,0,0,0,0,0,0,0,0,0,0,0,0,0,0,0,0,0,0,0,0,0,0,0,0,0,0,0,0,0,0,0,0,0,0,0,0,0,0,0,0,0,0,0,0,0,0,0,0,0,0,0,0,0,0,0,0,0,0,0,0,0,0,0,0,0,0,0,0,0,0,0,0,0,0,0,0,0,0,0,0,0,0,0,0,0,0,0,0,0,0,0,0,0,0,0,0,0,0,0,0,0,0,0,0,0,0,0,0,0,0,0,0,0,0,0,0,0,0,0,0,0,0,0,0,0,0,0,0,0,0,0,0,0,0,0,0,0,0,0,0,0,0,0,0,0,0,0,0,0,0,0,0,0,0,0,0,0,0,0,0,0,0,0,0,0,0,0,0,0,0,0,0,0,0,0,0,0,0,0,0,0,0,0,0,0,0,0,0,0,0,0,0,0,0,0,0,0,0,0,0,0,0,0,0,0,0,0,0,0,0,0,0,0,0,0,0,0,0,0,0,0,0,0,0,0,0,0,0,0,0,0,0,0,0,0,0,0,0,0,0,0,0,0,0,0,0,0,0,0,0,0,0,0,0,0,0,0,0,0,0,0,0,0,0,0,0,0,0,0,0,0,0,0,0,0,0,0,0,0,0,0,0,0,0,0,0],
"events":[
null,
{"id":1,"name":"Pipe 1","note":"<collider: box, 15, 30, 33, 9>","pages":[{"conditions":{"actorId":1,"actorValid":false,"itemId":1,"itemValid":false,"selfSwitchCh":"A","selfSwitchValid":false,"switch1Id":1,"switch1Valid":false,"switch2Id":1,"switch2Valid":false,"variableId":1,"variableValid":false,"variableValue":0},"directionFix":false,"image":{"tileId":75,"characterName":"","characterIndex":0,"direction":2,"pattern":0},"list":[{"code":117,"indent":0,"parameters":[15]},{"code":111,"indent":0,"parameters":[0,61,0]},{"code":205,"indent":1,"parameters":[-1,{"list":[{"code":3,"indent":null},{"code":41,"parameters":["!GobPipe-sheet",0],"indent":null},{"code":42,"parameters":[255],"indent":null},{"code":3,"indent":null},{"code":3,"indent":null},{"code":3,"indent":null},{"code":3,"indent":null},{"code":42,"parameters":[0],"indent":null},{"code":41,"parameters":["!Gobber_Key-gobber_sheet",0],"indent":null},{"code":3,"indent":null},{"code":0}],"repeat":false,"skippable":false,"wait":true}]},{"code":505,"indent":1,"parameters":[{"code":3,"indent":null}]},{"code":505,"indent":1,"parameters":[{"code":41,"parameters":["!GobPipe-sheet",0],"indent":null}]},{"code":505,"indent":1,"parameters":[{"code":42,"parameters":[255],"indent":null}]},{"code":505,"indent":1,"parameters":[{"code":3,"indent":null}]},{"code":505,"indent":1,"parameters":[{"code":3,"indent":null}]},{"code":505,"indent":1,"parameters":[{"code":3,"indent":null}]},{"code":505,"indent":1,"parameters":[{"code":3,"indent":null}]},{"code":505,"indent":1,"parameters":[{"code":42,"parameters":[0],"indent":null}]},{"code":505,"indent":1,"parameters":[{"code":41,"parameters":["!Gobber_Key-gobber_sheet",0],"indent":null}]},{"code":505,"indent":1,"parameters":[{"code":3,"indent":null}]},{"code":0,"indent":1,"parameters":[]},{"code":411,"indent":0,"parameters":[]},{"code":205,"indent":1,"parameters":[-1,{"list":[{"code":3,"indent":null},{"code":41,"parameters":["!GobPipe-sheet",0],"indent":null},{"code":42,"parameters":[255],"indent":null},{"code":3,"indent":null},{"code":3,"indent":null},{"code":3,"indent":null},{"code":3,"indent":null},{"code":42,"parameters":[0],"indent":null},{"code":41,"parameters":["!Gobber-gobber_sheet",0],"indent":null},{"code":3,"indent":null},{"code":0}],"repeat":false,"skippable":false,"wait":true}]},{"code":505,"indent":1,"parameters":[{"code":3,"indent":null}]},{"code":505,"indent":1,"parameters":[{"code":41,"parameters":["!GobPipe-sheet",0],"indent":null}]},{"code":505,"indent":1,"parameters":[{"code":42,"parameters":[255],"indent":null}]},{"code":505,"indent":1,"parameters":[{"code":3,"indent":null}]},{"code":505,"indent":1,"parameters":[{"code":3,"indent":null}]},{"code":505,"indent":1,"parameters":[{"code":3,"indent":null}]},{"code":505,"indent":1,"parameters":[{"code":3,"indent":null}]},{"code":505,"indent":1,"parameters":[{"code":42,"parameters":[0],"indent":null}]},{"code":505,"indent":1,"parameters":[{"code":41,"parameters":["!Gobber-gobber_sheet",0],"indent":null}]},{"code":505,"indent":1,"parameters":[{"code":3,"indent":null}]},{"code":0,"indent":1,"parameters":[]},{"code":412,"indent":0,"parameters":[]},{"code":117,"indent":0,"parameters":[16]},{"code":0,"indent":0,"parameters":[]}],"moveFrequency":3,"moveRoute":{"list":[{"code":0,"parameters":[]}],"repeat":true,"skippable":false,"wait":false},"moveSpeed":3,"moveType":0,"priorityType":0,"stepAnime":false,"through":false,"trigger":1,"walkAnime":true}],"x":3,"y":5},
{"id":2,"name":"Pipe 2","note":"<collider: box, 15, 30, 0, 9>","pages":[{"conditions":{"actorId":1,"actorValid":false,"itemId":1,"itemValid":false,"selfSwitchCh":"A","selfSwitchValid":false,"switch1Id":1,"switch1Valid":false,"switch2Id":1,"switch2Valid":false,"variableId":1,"variableValid":false,"variableValue":0},"directionFix":false,"image":{"tileId":76,"characterName":"","characterIndex":0,"direction":2,"pattern":0},"list":[{"code":117,"indent":0,"parameters":[15]},{"code":111,"indent":0,"parameters":[0,61,0]},{"code":205,"indent":1,"parameters":[-1,{"list":[{"code":2,"indent":null},{"code":41,"parameters":["!GobPipe-sheet",0],"indent":null},{"code":42,"parameters":[255],"indent":null},{"code":2,"indent":null},{"code":2,"indent":null},{"code":2,"indent":null},{"code":2,"indent":null},{"code":42,"parameters":[0],"indent":null},{"code":41,"parameters":["!Gobber_Key-gobber_sheet",0],"indent":null},{"code":2,"indent":null},{"code":0}],"repeat":false,"skippable":false,"wait":true}]},{"code":505,"indent":1,"parameters":[{"code":2,"indent":null}]},{"code":505,"indent":1,"parameters":[{"code":41,"parameters":["!GobPipe-sheet",0],"indent":null}]},{"code":505,"indent":1,"parameters":[{"code":42,"parameters":[255],"indent":null}]},{"code":505,"indent":1,"parameters":[{"code":2,"indent":null}]},{"code":505,"indent":1,"parameters":[{"code":2,"indent":null}]},{"code":505,"indent":1,"parameters":[{"code":2,"indent":null}]},{"code":505,"indent":1,"parameters":[{"code":2,"indent":null}]},{"code":505,"indent":1,"parameters":[{"code":42,"parameters":[0],"indent":null}]},{"code":505,"indent":1,"parameters":[{"code":41,"parameters":["!Gobber_Key-gobber_sheet",0],"indent":null}]},{"code":505,"indent":1,"parameters":[{"code":2,"indent":null}]},{"code":0,"indent":1,"parameters":[]},{"code":411,"indent":0,"parameters":[]},{"code":205,"indent":1,"parameters":[-1,{"list":[{"code":2,"indent":null},{"code":41,"parameters":["!GobPipe-sheet",0],"indent":null},{"code":42,"parameters":[255],"indent":null},{"code":2,"indent":null},{"code":2,"indent":null},{"code":2,"indent":null},{"code":2,"indent":null},{"code":42,"parameters":[0],"indent":null},{"code":41,"parameters":["!Gobber-gobber_sheet",0],"indent":null},{"code":2,"indent":null},{"code":0}],"repeat":false,"skippable":false,"wait":true}]},{"code":505,"indent":1,"parameters":[{"code":2,"indent":null}]},{"code":505,"indent":1,"parameters":[{"code":41,"parameters":["!GobPipe-sheet",0],"indent":null}]},{"code":505,"indent":1,"parameters":[{"code":42,"parameters":[255],"indent":null}]},{"code":505,"indent":1,"parameters":[{"code":2,"indent":null}]},{"code":505,"indent":1,"parameters":[{"code":2,"indent":null}]},{"code":505,"indent":1,"parameters":[{"code":2,"indent":null}]},{"code":505,"indent":1,"parameters":[{"code":2,"indent":null}]},{"code":505,"indent":1,"parameters":[{"code":42,"parameters":[0],"indent":null}]},{"code":505,"indent":1,"parameters":[{"code":41,"parameters":["!Gobber-gobber_sheet",0],"indent":null}]},{"code":505,"indent":1,"parameters":[{"code":2,"indent":null}]},{"code":0,"indent":1,"parameters":[]},{"code":412,"indent":0,"parameters":[]},{"code":117,"indent":0,"parameters":[16]},{"code":0,"indent":0,"parameters":[]}],"moveFrequency":3,"moveRoute":{"list":[{"code":0,"parameters":[]}],"repeat":true,"skippable":false,"wait":false},"moveSpeed":3,"moveType":0,"priorityType":0,"stepAnime":false,"through":false,"trigger":1,"walkAnime":true}],"x":9,"y":5},
{"id":3,"name":"Key","note":"<invisible>","pages":[{"conditions":{"actorId":1,"actorValid":false,"itemId":1,"itemValid":false,"selfSwitchCh":"A","selfSwitchValid":false,"switch1Id":61,"switch1Valid":false,"switch2Id":1,"switch2Valid":false,"variableId":1,"variableValid":false,"variableValue":0},"directionFix":false,"image":{"tileId":0,"characterName":"!Key-float","direction":2,"pattern":0,"characterIndex":0},"list":[{"code":108,"indent":0,"parameters":["<colliders>"]},{"code":408,"indent":0,"parameters":["default: box, 26, 22, 11, 13"]},{"code":408,"indent":0,"parameters":["collision: box, 26, 22, 11, 13"]},{"code":408,"indent":0,"parameters":["interaction: box, 26, 22, 11, 13"]},{"code":408,"indent":0,"parameters":["</colliders>"]},{"code":121,"indent":0,"parameters":[61,61,0]},{"code":123,"indent":0,"parameters":["A",0]},{"code":250,"indent":0,"parameters":[{"name":"KeyJingle","volume":90,"pitch":100,"pan":0}]},{"code":322,"indent":0,"parameters":[1,"!Gobber_Key-gobber_sheet",0,"GobFace",0,"Gob"]},{"code":0,"indent":0,"parameters":[]}],"moveFrequency":3,"moveRoute":{"list":[{"code":0,"parameters":[]}],"repeat":true,"skippable":false,"wait":false},"moveSpeed":3,"moveType":0,"priorityType":1,"stepAnime":false,"through":false,"trigger":1,"walkAnime":true},{"conditions":{"actorId":1,"actorValid":false,"itemId":1,"itemValid":false,"selfSwitchCh":"A","selfSwitchValid":true,"switch1Id":61,"switch1Valid":false,"switch2Id":1,"switch2Valid":false,"variableId":1,"variableValid":false,"variableValue":0},"directionFix":false,"image":{"characterIndex":0,"characterName":"","direction":2,"pattern":0,"tileId":0},"list":[{"code":0,"indent":0,"parameters":[]}],"moveFrequency":3,"moveRoute":{"list":[{"code":0,"parameters":[]}],"repeat":true,"skippable":false,"wait":false},"moveSpeed":3,"moveType":0,"priorityType":0,"stepAnime":false,"through":false,"trigger":0,"walkAnime":true}],"x":12,"y":6},
{"id":4,"name":"Guard","note":"<enemy:1>","pages":[{"conditions":{"actorId":1,"actorValid":false,"itemId":1,"itemValid":false,"selfSwitchCh":"A","selfSwitchValid":false,"switch1Id":1,"switch1Valid":false,"switch2Id":1,"switch2Valid":false,"variableId":1,"variableValid":false,"variableValue":0},"directionFix":false,"image":{"tileId":0,"characterName":"!Guard-guard_sheet","direction":2,"pattern":0,"characterIndex":0},"list":[{"code":108,"indent":0,"parameters":["<collider:circle,24,24,12,24>"]},{"code":408,"indent":0,"parameters":["sets the collider to a circle"]},{"code":108,"indent":0,"parameters":["<speed:4.2>"]},{"code":408,"indent":0,"parameters":["<invisible>"]},{"code":408,"indent":0,"parameters":["<ignoreCharas:3>"]},{"code":0,"indent":0,"parameters":[]}],"moveFrequency":4,"moveRoute":{"list":[{"code":16,"indent":null},{"code":0,"parameters":[]}],"repeat":true,"skippable":false,"wait":false},"moveSpeed":4,"moveType":3,"priorityType":1,"stepAnime":false,"through":false,"trigger":4,"walkAnime":true}],"x":12,"y":5},
{"id":5,"name":"Bottle","note":"<enemy:2>","pages":[{"conditions":{"actorId":1,"actorValid":false,"itemId":1,"itemValid":false,"selfSwitchCh":"A","selfSwitchValid":false,"switch1Id":1,"switch1Valid":false,"switch2Id":1,"switch2Valid":false,"variableId":1,"variableValid":false,"variableValue":0},"directionFix":false,"image":{"tileId":0,"characterName":"!Bottle-break","direction":2,"pattern":0,"characterIndex":0},"list":[{"code":108,"indent":0,"parameters":["<collider:circle,24,24,12,12>"]},{"code":408,"indent":0,"parameters":["sets the collider to a circle"]},{"code":0,"indent":0,"parameters":[]}],"moveFrequency":3,"moveRoute":{"list":[{"code":0,"parameters":[]}],"repeat":true,"skippable":false,"wait":false},"moveSpeed":3,"moveType":3,"priorityType":1,"stepAnime":false,"through":false,"trigger":0,"walkAnime":true},{"conditions":{"actorId":1,"actorValid":false,"itemId":1,"itemValid":false,"selfSwitchCh":"A","selfSwitchValid":true,"switch1Id":1,"switch1Valid":false,"switch2Id":1,"switch2Valid":false,"variableId":1,"variableValid":false,"variableValue":0},"directionFix":false,"image":{"tileId":0,"characterName":"!Bottle-break","direction":6,"pattern":0,"characterIndex":0},"list":[{"code":0,"indent":0,"parameters":[]}],"moveFrequency":3,"moveRoute":{"list":[{"code":0,"parameters":[]}],"repeat":true,"skippable":false,"wait":false},"moveSpeed":3,"moveType":0,"priorityType":1,"stepAnime":false,"through":true,"trigger":4,"walkAnime":false}],"x":15,"y":7},
{"id":6,"name":"Restart Location","note":"","pages":[{"conditions":{"actorId":1,"actorValid":false,"itemId":1,"itemValid":false,"selfSwitchCh":"A","selfSwitchValid":false,"switch1Id":1,"switch1Valid":false,"switch2Id":1,"switch2Valid":false,"variableId":1,"variableValid":false,"variableValue":0},"directionFix":false,"image":{"characterIndex":0,"characterName":"","direction":2,"pattern":0,"tileId":0},"list":[{"code":122,"indent":0,"parameters":[18,18,0,0,0]},{"code":122,"indent":0,"parameters":[1,1,0,3,5,-1,0]},{"code":122,"indent":0,"parameters":[2,2,0,3,5,-1,1]},{"code":122,"indent":0,"parameters":[3,3,0,3,7,0,0]},{"code":356,"indent":0,"parameters":["qSprite 0 play pose idle6 breakable"]},{"code":123,"indent":0,"parameters":["A",0]},{"code":205,"indent":0,"parameters":[-1,{"list":[{"code":42,"parameters":[255],"indent":null},{"code":0}],"repeat":false,"skippable":false,"wait":true}]},{"code":505,"indent":0,"parameters":[{"code":42,"parameters":[255],"indent":null}]},{"code":0,"indent":0,"parameters":[]}],"moveFrequency":3,"moveRoute":{"list":[{"code":0,"parameters":[]}],"repeat":true,"skippable":false,"wait":false},"moveSpeed":3,"moveType":0,"priorityType":0,"stepAnime":false,"through":false,"trigger":3,"walkAnime":true},{"conditions":{"actorId":1,"actorValid":false,"itemId":1,"itemValid":false,"selfSwitchCh":"A","selfSwitchValid":true,"switch1Id":1,"switch1Valid":false,"switch2Id":1,"switch2Valid":false,"variableId":1,"variableValid":false,"variableValue":0},"directionFix":false,"image":{"characterIndex":0,"characterName":"","direction":2,"pattern":0,"tileId":0},"list":[{"code":0,"indent":0,"parameters":[]}],"moveFrequency":3,"moveRoute":{"list":[{"code":0,"parameters":[]}],"repeat":true,"skippable":false,"wait":false},"moveSpeed":3,"moveType":0,"priorityType":0,"stepAnime":false,"through":false,"trigger":0,"walkAnime":true}],"x":0,"y":0},
{"id":7,"name":"Tunnel","note":"<collider: box, 24, 21, 12, 18>","pages":[{"conditions":{"actorId":1,"actorValid":false,"itemId":1,"itemValid":false,"selfSwitchCh":"A","selfSwitchValid":false,"switch1Id":1,"switch1Valid":false,"switch2Id":1,"switch2Valid":false,"variableId":1,"variableValid":false,"variableValue":0},"directionFix":false,"image":{"tileId":146,"characterName":"","characterIndex":0,"direction":2,"pattern":0},"list":[{"code":117,"indent":0,"parameters":[15]},{"code":111,"indent":0,"parameters":[0,61,0]},{"code":205,"indent":1,"parameters":[-1,{"list":[{"code":4,"indent":null},{"code":41,"parameters":["!GobPipe-sheet",0],"indent":null},{"code":42,"parameters":[255],"indent":null},{"code":4,"indent":null},{"code":3,"indent":null},{"code":1,"indent":null},{"code":1,"indent":null},{"code":1,"indent":null},{"code":1,"indent":null},{"code":1,"indent":null},{"code":1,"indent":null},{"code":1,"indent":null},{"code":2,"indent":null},{"code":2,"indent":null},{"code":2,"indent":null},{"code":2,"indent":null},{"code":2,"indent":null},{"code":42,"parameters":[0],"indent":null},{"code":41,"parameters":["!Gobber_Key-gobber_sheet",0],"indent":null},{"code":1,"indent":null},{"code":1,"indent":null},{"code":0}],"repeat":false,"skippable":false,"wait":true}]},{"code":505,"indent":1,"parameters":[{"code":4,"indent":null}]},{"code":505,"indent":1,"parameters":[{"code":41,"parameters":["!GobPipe-sheet",0],"indent":null}]},{"code":505,"indent":1,"parameters":[{"code":42,"parameters":[255],"indent":null}]},{"code":505,"indent":1,"parameters":[{"code":4,"indent":null}]},{"code":505,"indent":1,"parameters":[{"code":3,"indent":null}]},{"code":505,"indent":1,"parameters":[{"code":1,"indent":null}]},{"code":505,"indent":1,"parameters":[{"code":1,"indent":null}]},{"code":505,"indent":1,"parameters":[{"code":1,"indent":null}]},{"code":505,"indent":1,"parameters":[{"code":1,"indent":null}]},{"code":505,"indent":1,"parameters":[{"code":1,"indent":null}]},{"code":505,"indent":1,"parameters":[{"code":1,"indent":null}]},{"code":505,"indent":1,"parameters":[{"code":1,"indent":null}]},{"code":505,"indent":1,"parameters":[{"code":2,"indent":null}]},{"code":505,"indent":1,"parameters":[{"code":2,"indent":null}]},{"code":505,"indent":1,"parameters":[{"code":2,"indent":null}]},{"code":505,"indent":1,"parameters":[{"code":2,"indent":null}]},{"code":505,"indent":1,"parameters":[{"code":2,"indent":null}]},{"code":505,"indent":1,"parameters":[{"code":42,"parameters":[0],"indent":null}]},{"code":505,"indent":1,"parameters":[{"code":41,"parameters":["!Gobber_Key-gobber_sheet",0],"indent":null}]},{"code":505,"indent":1,"parameters":[{"code":1,"indent":null}]},{"code":505,"indent":1,"parameters":[{"code":1,"indent":null}]},{"code":0,"indent":1,"parameters":[]},{"code":411,"indent":0,"parameters":[]},{"code":205,"indent":1,"parameters":[-1,{"list":[{"code":4,"indent":null},{"code":41,"parameters":["!GobPipe-sheet",0],"indent":null},{"code":42,"parameters":[255],"indent":null},{"code":4,"indent":null},{"code":3,"indent":null},{"code":1,"indent":null},{"code":1,"indent":null},{"code":1,"indent":null},{"code":1,"indent":null},{"code":1,"indent":null},{"code":1,"indent":null},{"code":1,"indent":null},{"code":2,"indent":null},{"code":2,"indent":null},{"code":2,"indent":null},{"code":2,"indent":null},{"code":2,"indent":null},{"code":42,"parameters":[0],"indent":null},{"code":41,"parameters":["!Gobber-gobber_sheet",0],"indent":null},{"code":1,"indent":null},{"code":1,"indent":null},{"code":0}],"repeat":false,"skippable":false,"wait":true}]},{"code":505,"indent":1,"parameters":[{"code":4,"indent":null}]},{"code":505,"indent":1,"parameters":[{"code":41,"parameters":["!GobPipe-sheet",0],"indent":null}]},{"code":505,"indent":1,"parameters":[{"code":42,"parameters":[255],"indent":null}]},{"code":505,"indent":1,"parameters":[{"code":4,"indent":null}]},{"code":505,"indent":1,"parameters":[{"code":3,"indent":null}]},{"code":505,"indent":1,"parameters":[{"code":1,"indent":null}]},{"code":505,"indent":1,"parameters":[{"code":1,"indent":null}]},{"code":505,"indent":1,"parameters":[{"code":1,"indent":null}]},{"code":505,"indent":1,"parameters":[{"code":1,"indent":null}]},{"code":505,"indent":1,"parameters":[{"code":1,"indent":null}]},{"code":505,"indent":1,"parameters":[{"code":1,"indent":null}]},{"code":505,"indent":1,"parameters":[{"code":1,"indent":null}]},{"code":505,"indent":1,"parameters":[{"code":2,"indent":null}]},{"code":505,"indent":1,"parameters":[{"code":2,"indent":null}]},{"code":505,"indent":1,"parameters":[{"code":2,"indent":null}]},{"code":505,"indent":1,"parameters":[{"code":2,"indent":null}]},{"code":505,"indent":1,"parameters":[{"code":2,"indent":null}]},{"code":505,"indent":1,"parameters":[{"code":42,"parameters":[0],"indent":null}]},{"code":505,"indent":1,"parameters":[{"code":41,"parameters":["!Gobber-gobber_sheet",0],"indent":null}]},{"code":505,"indent":1,"parameters":[{"code":1,"indent":null}]},{"code":505,"indent":1,"parameters":[{"code":1,"indent":null}]},{"code":0,"indent":1,"parameters":[]},{"code":412,"indent":0,"parameters":[]},{"code":117,"indent":0,"parameters":[16]},{"code":0,"indent":0,"parameters":[]}],"moveFrequency":3,"moveRoute":{"list":[{"code":0,"parameters":[]}],"repeat":true,"skippable":false,"wait":false},"moveSpeed":3,"moveType":0,"priorityType":0,"stepAnime":false,"through":true,"trigger":1,"walkAnime":true}],"x":15,"y":4},
{"id":8,"name":"Tunnel","note":"<collider: box, 24, 21, 12, 18>","pages":[{"conditions":{"actorId":1,"actorValid":false,"itemId":1,"itemValid":false,"selfSwitchCh":"A","selfSwitchValid":false,"switch1Id":1,"switch1Valid":false,"switch2Id":1,"switch2Valid":false,"variableId":1,"variableValid":false,"variableValue":0},"directionFix":false,"image":{"tileId":146,"characterName":"","characterIndex":0,"direction":2,"pattern":0},"list":[{"code":117,"indent":0,"parameters":[15]},{"code":111,"indent":0,"parameters":[0,61,0]},{"code":205,"indent":1,"parameters":[-1,{"list":[{"code":4,"indent":null},{"code":41,"parameters":["!GobPipe-sheet",0],"indent":null},{"code":42,"parameters":[255],"indent":null},{"code":4,"indent":null},{"code":3,"indent":null},{"code":3,"indent":null},{"code":3,"indent":null},{"code":3,"indent":null},{"code":1,"indent":null},{"code":42,"parameters":[0],"indent":null},{"code":41,"parameters":["!Gobber_Key-gobber_sheet",0],"indent":null},{"code":1,"indent":null},{"code":1,"indent":null},{"code":0}],"repeat":false,"skippable":false,"wait":true}]},{"code":505,"indent":1,"parameters":[{"code":4,"indent":null}]},{"code":505,"indent":1,"parameters":[{"code":41,"parameters":["!GobPipe-sheet",0],"indent":null}]},{"code":505,"indent":1,"parameters":[{"code":42,"parameters":[255],"indent":null}]},{"code":505,"indent":1,"parameters":[{"code":4,"indent":null}]},{"code":505,"indent":1,"parameters":[{"code":3,"indent":null}]},{"code":505,"indent":1,"parameters":[{"code":3,"indent":null}]},{"code":505,"indent":1,"parameters":[{"code":3,"indent":null}]},{"code":505,"indent":1,"parameters":[{"code":3,"indent":null}]},{"code":505,"indent":1,"parameters":[{"code":1,"indent":null}]},{"code":505,"indent":1,"parameters":[{"code":42,"parameters":[0],"indent":null}]},{"code":505,"indent":1,"parameters":[{"code":41,"parameters":["!Gobber_Key-gobber_sheet",0],"indent":null}]},{"code":505,"indent":1,"parameters":[{"code":1,"indent":null}]},{"code":505,"indent":1,"parameters":[{"code":1,"indent":null}]},{"code":0,"indent":1,"parameters":[]},{"code":411,"indent":0,"parameters":[]},{"code":205,"indent":1,"parameters":[-1,{"list":[{"code":4,"indent":null},{"code":41,"parameters":["!GobPipe-sheet",0],"indent":null},{"code":42,"parameters":[255],"indent":null},{"code":4,"indent":null},{"code":3,"indent":null},{"code":3,"indent":null},{"code":3,"indent":null},{"code":3,"indent":null},{"code":1,"indent":null},{"code":42,"parameters":[0],"indent":null},{"code":41,"parameters":["!Gobber-gobber_sheet",0],"indent":null},{"code":1,"indent":null},{"code":1,"indent":null},{"code":0}],"repeat":false,"skippable":false,"wait":true}]},{"code":505,"indent":1,"parameters":[{"code":4,"indent":null}]},{"code":505,"indent":1,"parameters":[{"code":41,"parameters":["!GobPipe-sheet",0],"indent":null}]},{"code":505,"indent":1,"parameters":[{"code":42,"parameters":[255],"indent":null}]},{"code":505,"indent":1,"parameters":[{"code":4,"indent":null}]},{"code":505,"indent":1,"parameters":[{"code":3,"indent":null}]},{"code":505,"indent":1,"parameters":[{"code":3,"indent":null}]},{"code":505,"indent":1,"parameters":[{"code":3,"indent":null}]},{"code":505,"indent":1,"parameters":[{"code":3,"indent":null}]},{"code":505,"indent":1,"parameters":[{"code":1,"indent":null}]},{"code":505,"indent":1,"parameters":[{"code":42,"parameters":[0],"indent":null}]},{"code":505,"indent":1,"parameters":[{"code":41,"parameters":["!Gobber-gobber_sheet",0],"indent":null}]},{"code":505,"indent":1,"parameters":[{"code":1,"indent":null}]},{"code":505,"indent":1,"parameters":[{"code":1,"indent":null}]},{"code":0,"indent":1,"parameters":[]},{"code":412,"indent":0,"parameters":[]},{"code":117,"indent":0,"parameters":[16]},{"code":0,"indent":0,"parameters":[]}],"moveFrequency":3,"moveRoute":{"list":[{"code":0,"parameters":[]}],"repeat":true,"skippable":false,"wait":false},"moveSpeed":3,"moveType":0,"priorityType":0,"stepAnime":false,"through":true,"trigger":1,"walkAnime":true}],"x":11,"y":10}
]
}