{
"autoplayBgm":true,"autoplayBgs":false,"battleback1Name":"","battleback2Name":"","bgm":{"name":"Punchy Music","pan":0,"pitch":100,"volume":90},"bgs":{"name":"","pan":0,"pitch":100,"volume":90},"disableDashing":true,"displayName":"","encounterList":[],"encounterStep":30,"height":8,"note":"","parallaxLoopX":false,"parallaxLoopY":false,"parallaxName":"","parallaxShow":true,"parallaxSx":0,"parallaxSy":0,"scrollType":0,"specifyBattleback":false,"tilesetId":1,"width":17,
"data":[0,0,0,0,0,0,0,0,0,0,0,0,0,0,0,0,0,0,0,0,0,0,0,0,0,0,0,0,0,0,0,0,0,0,0,0,0,0,0,0,0,0,0,0,0,0,0,0,0,0,0,0,0,0,0,0,0,0,0,0,0,0,0,0,0,0,0,0,0,0,0,0,0,0,0,0,0,0,0,0,0,0,0,0,0,0,0,0,0,0,0,0,0,0,0,0,0,0,0,0,0,0,0,0,0,0,0,0,0,0,0,0,0,0,0,0,0,0,0,0,0,0,0,0,0,0,0,0,0,0,0,0,0,0,0,0,0,0,0,0,0,0,0,0,0,0,0,0,0,0,0,0,0,0,0,0,0,0,0,0,0,0,0,0,0,0,0,0,0,0,0,0,0,0,0,0,0,0,0,0,0,0,0,0,0,0,0,0,0,0,0,0,0,0,0,0,0,0,0,0,0,0,0,0,0,0,0,0,0,0,0,0,0,0,0,0,0,0,0,0,0,0,0,0,0,0,0,0,0,0,0,0,0,0,0,0,0,0,0,0,0,0,0,0,0,0,0,0,0,0,0,0,0,0,0,0,0,0,0,0,0,0,0,0,0,0,0,0,0,0,0,0,0,0,64,64,64,64,64,0,0,0,0,0,0,0,0,0,0,64,64,90,64,64,64,90,64,64,64,64,64,64,64,64,64,64,64,38,87,0,64,0,0,0,0,0,0,0,0,38,0,46,64,64,25,11,11,64,11,11,11,0,11,0,11,0,11,11,11,64,64,11,10,0,64,11,11,11,0,11,11,11,11,11,0,11,64,64,11,11,0,64,11,0,0,11,11,0,0,11,11,0,11,64,64,28,11,11,64,11,11,11,11,11,58,11,11,11,11,11,64,0,39,39,38,46,0,0,0,0,0,0,0,0,0,0,0,0,64,64,83,89,89,89,84,64,64,64,64,64,64,64,64,64,64,36,49,50,50,68,50,50,50,50,50,50,50,50,50,50,53,35,44,46,47,46,32,160,47,160,38,160,38,160,39,4,0,4,43,44,11,15,10,32,1,15,1,11,1,11,19,11,152,15,30,43,44,20,18,11,32,1,10,1,11,1,19,1,1,1,11,1,43,44,25,27,11,32,26,11,11,10,27,11,11,18,20,11,27,43,52,58,58,58,40,58,58,58,58,58,21,58,58,58,58,58,51,64,64,64,64,64,64,64,64,64,64,64,64,64,64,64,64,64,0,0,0,0,0,0,0,0,0,0,0,0,0,0,0,0,0,0,0,0,0,0,0,0,0,0,0,0,0,0,0,0,0,0,0,0,0,0,0,0,0,0,0,0,0,0,0,0,0,0,0,0,0,0,0,0,0,0,0,0,0,0,0,0,0,0,0,0,0,0,0,0,0,0,0,0,0,0,0,0,0,0,0,0,0,0,0,0,0,0,0,0,0,0,0,0,0,0,0,0,0,0,0,0,0,0,0,0,0,0,0,0,0,0,0,0,0,0,0,0,0,0,0,0,0,0,0,0,0,0,0,0,0,0,0,0,0,0,0,0,0,0,0,0,0,0,0,0,0,0,0,0,0,0,0,0,0,0,0,0,0,0,0,0,0,0,0,0,0,0,0,0,0,0,0,0,0,0,0,0,0,0,0,0,0,0,0,0,0,0,0,0,0,0,0,0,0,0,0,0,0,0,0,0,0,0,0,0,0,0,0,0,0,0,0,0,0,0,0,0,0,0,0,0,0,0,0,0,0,0,0,0,0,0,0,0,0,0,0,0,0,0,0,0,0,0,0,0,0,0,0,0,0,0,0,0,0,0,0,0,0,0,0,0,0,0,0,0,0,0,0,0],
"events":[
null,
{"id":1,"name":"Tunnel","note":"<collider: box, 24, 21, 12, 18>","pages":[{"conditions":{"actorId":1,"actorValid":false,"itemId":1,"itemValid":false,"selfSwitchCh":"A","selfSwitchValid":false,"switch1Id":1,"switch1Valid":false,"switch2Id":1,"switch2Valid":false,"variableId":1,"variableValid":false,"variableValue":0},"directionFix":false,"image":{"tileId":146,"characterName":"","characterIndex":0,"direction":2,"pattern":0},"list":[{"code":117,"indent":0,"parameters":[15]},{"code":356,"indent":0,"parameters":["qMovement setPos 0 96 94 8"]},{"code":205,"indent":0,"parameters":[-1,{"list":[{"code":4,"indent":null},{"code":41,"parameters":["!GobPipe-sheet",0],"indent":null},{"code":42,"parameters":[255],"indent":null},{"code":4,"indent":null},{"code":3,"indent":null},{"code":3,"indent":null},{"code":3,"indent":null},{"code":3,"indent":null},{"code":1,"indent":null},{"code":42,"parameters":[0],"indent":null},{"code":41,"parameters":["!Gobber-gobber_sheet",0],"indent":null},{"code":1,"indent":null},{"code":1,"indent":null},{"code":0}],"repeat":false,"skippable":false,"wait":true}]},{"code":505,"indent":0,"parameters":[{"code":4,"indent":null}]},{"code":505,"indent":0,"parameters":[{"code":41,"parameters":["!GobPipe-sheet",0],"indent":null}]},{"code":505,"indent":0,"parameters":[{"code":42,"parameters":[255],"indent":null}]},{"code":505,"indent":0,"parameters":[{"code":4,"indent":null}]},{"code":505,"indent":0,"parameters":[{"code":3,"indent":null}]},{"code":505,"indent":0,"parameters":[{"code":3,"indent":null}]},{"code":505,"indent":0,"parameters":[{"code":3,"indent":null}]},{"code":505,"indent":0,"parameters":[{"code":3,"indent":null}]},{"code":505,"indent":0,"parameters":[{"code":1,"indent":null}]},{"code":505,"indent":0,"parameters":[{"code":42,"parameters":[0],"indent":null}]},{"code":505,"indent":0,"parameters":[{"code":41,"parameters":["!Gobber-gobber_sheet",0],"indent":null}]},{"code":505,"indent":0,"parameters":[{"code":1,"indent":null}]},{"code":505,"indent":0,"parameters":[{"code":1,"indent":null}]},{"code":356,"indent":0,"parameters":["qMovement setPos 0 288 142 2"]},{"code":117,"indent":0,"parameters":[16]},{"code":0,"indent":0,"parameters":[]}],"moveFrequency":3,"moveRoute":{"list":[{"code":0,"parameters":[]}],"repeat":true,"skippable":false,"wait":false},"moveSpeed":3,"moveType":0,"priorityType":0,"stepAnime":false,"through":true,"trigger":1,"walkAnime":true}],"x":2,"y":2},
{"id":2,"name":"Torch","note":"","pages":[{"conditions":{"actorId":1,"actorValid":false,"itemId":1,"itemValid":false,"selfSwitchCh":"A","selfSwitchValid":false,"switch1Id":1,"switch1Valid":false,"switch2Id":1,"switch2Valid":false,"variableId":1,"variableValid":false,"variableValue":0},"directionFix":false,"image":{"tileId":0,"characterName":"!Torch-flicker","direction":2,"pattern":0,"characterIndex":0},"list":[{"code":0,"indent":0,"parameters":[]}],"moveFrequency":3,"moveRoute":{"list":[{"code":0,"parameters":[]}],"repeat":true,"skippable":false,"wait":false},"moveSpeed":3,"moveType":0,"priorityType":1,"stepAnime":false,"through":false,"trigger":0,"walkAnime":true}],"x":3,"y":2},
{"id":3,"name":"Torch","note":"","pages":[{"conditions":{"actorId":1,"actorValid":false,"itemId":1,"itemValid":false,"selfSwitchCh":"A","selfSwitchValid":false,"switch1Id":1,"switch1Valid":false,"switch2Id":1,"switch2Valid":false,"variableId":1,"variableValid":false,"variableValue":0},"directionFix":false,"image":{"tileId":0,"characterName":"!Torch-flicker","direction":2,"pattern":0,"characterIndex":0},"list":[{"code":0,"indent":0,"parameters":[]}],"moveFrequency":3,"moveRoute":{"list":[{"code":0,"parameters":[]}],"repeat":true,"skippable":false,"wait":false},"moveSpeed":3,"moveType":0,"priorityType":1,"stepAnime":false,"through":false,"trigger":0,"walkAnime":true}],"x":1,"y":2},
{"id":4,"name":"Torch","note":"","pages":[{"conditions":{"actorId":1,"actorValid":false,"itemId":1,"itemValid":false,"selfSwitchCh":"A","selfSwitchValid":false,"switch1Id":1,"switch1Valid":false,"switch2Id":1,"switch2Valid":false,"variableId":1,"variableValid":false,"variableValue":0},"directionFix":false,"image":{"tileId":0,"characterName":"!Torch-flicker","direction":2,"pattern":0,"characterIndex":0},"list":[{"code":0,"indent":0,"parameters":[]}],"moveFrequency":3,"moveRoute":{"list":[{"code":0,"parameters":[]}],"repeat":true,"skippable":false,"wait":false},"moveSpeed":3,"moveType":0,"priorityType":1,"stepAnime":false,"through":false,"trigger":0,"walkAnime":true}],"x":5,"y":2},
{"id":5,"name":"Torch","note":"","pages":[{"conditions":{"actorId":1,"actorValid":false,"itemId":1,"itemValid":false,"selfSwitchCh":"A","selfSwitchValid":false,"switch1Id":1,"switch1Valid":false,"switch2Id":1,"switch2Valid":false,"variableId":1,"variableValid":false,"variableValue":0},"directionFix":false,"image":{"tileId":0,"characterName":"!Torch-flicker","direction":2,"pattern":0,"characterIndex":0},"list":[{"code":0,"indent":0,"parameters":[]}],"moveFrequency":3,"moveRoute":{"list":[{"code":0,"parameters":[]}],"repeat":true,"skippable":false,"wait":false},"moveSpeed":3,"moveType":0,"priorityType":1,"stepAnime":false,"through":false,"trigger":0,"walkAnime":true}],"x":7,"y":2},
{"id":6,"name":"Torch","note":"","pages":[{"conditions":{"actorId":1,"actorValid":false,"itemId":1,"itemValid":false,"selfSwitchCh":"A","selfSwitchValid":false,"switch1Id":1,"switch1Valid":false,"switch2Id":1,"switch2Valid":false,"variableId":1,"variableValid":false,"variableValue":0},"directionFix":false,"image":{"tileId":0,"characterName":"!Torch-flicker","direction":2,"pattern":0,"characterIndex":0},"list":[{"code":0,"indent":0,"parameters":[]}],"moveFrequency":3,"moveRoute":{"list":[{"code":0,"parameters":[]}],"repeat":true,"skippable":false,"wait":false},"moveSpeed":3,"moveType":0,"priorityType":1,"stepAnime":false,"through":false,"trigger":0,"walkAnime":true}],"x":9,"y":2},
{"id":7,"name":"Torch","note":"","pages":[{"conditions":{"actorId":1,"actorValid":false,"itemId":1,"itemValid":false,"selfSwitchCh":"A","selfSwitchValid":false,"switch1Id":1,"switch1Valid":false,"switch2Id":1,"switch2Valid":false,"variableId":1,"variableValid":false,"variableValue":0},"directionFix":false,"image":{"tileId":0,"characterName":"!Torch-flicker","direction":2,"pattern":0,"characterIndex":0},"list":[{"code":0,"indent":0,"parameters":[]}],"moveFrequency":3,"moveRoute":{"list":[{"code":0,"parameters":[]}],"repeat":true,"skippable":false,"wait":false},"moveSpeed":3,"moveType":0,"priorityType":1,"stepAnime":false,"through":false,"trigger":0,"walkAnime":true}],"x":11,"y":2},
{"id":8,"name":"Door","note":"","pages":[{"conditions":{"actorId":1,"actorValid":false,"itemId":1,"itemValid":false,"selfSwitchCh":"A","selfSwitchValid":false,"switch1Id":1,"switch1Valid":false,"switch2Id":1,"switch2Valid":false,"variableId":1,"variableValid":false,"variableValue":0},"directionFix":false,"image":{"tileId":0,"characterName":"!Door-locked","direction":2,"pattern":0,"characterIndex":0},"list":[{"code":111,"indent":0,"parameters":[0,61,0]},{"code":250,"indent":1,"parameters":[{"name":"Key","volume":90,"pitch":100,"pan":0}]},{"code":356,"indent":1,"parameters":["qMovement setPos 0 672 142 8"]},{"code":356,"indent":1,"parameters":["qSight 0 visible false"]},{"code":230,"indent":1,"parameters":[30]},{"code":250,"indent":1,"parameters":[{"name":"DoorOpen","volume":90,"pitch":100,"pan":0}]},{"code":356,"indent":1,"parameters":["qSprite 007 play unlock pause"]},{"code":230,"indent":1,"parameters":[60]},{"code":121,"indent":1,"parameters":[61,61,1]},{"code":123,"indent":1,"parameters":["A",0]},{"code":322,"indent":1,"parameters":[1,"!Gobber-gobber_sheet",0,"GobFace",0,"Gob"]},{"code":356,"indent":1,"parameters":["qSight 0 visible true"]},{"code":0,"indent":1,"parameters":[]},{"code":412,"indent":0,"parameters":[]},{"code":0,"indent":0,"parameters":[]}],"moveFrequency":3,"moveRoute":{"list":[{"code":0,"parameters":[]}],"repeat":true,"skippable":false,"wait":false},"moveSpeed":3,"moveType":0,"priorityType":1,"stepAnime":false,"through":false,"trigger":1,"walkAnime":false},{"conditions":{"actorId":1,"actorValid":false,"itemId":1,"itemValid":false,"selfSwitchCh":"A","selfSwitchValid":true,"switch1Id":1,"switch1Valid":false,"switch2Id":1,"switch2Valid":false,"variableId":1,"variableValid":false,"variableValue":0},"directionFix":false,"image":{"tileId":0,"characterName":"!Door-locked","direction":4,"pattern":0,"characterIndex":2},"list":[{"code":250,"indent":0,"parameters":[{"name":"Run","volume":90,"pitch":100,"pan":0}]},{"code":205,"indent":0,"parameters":[-1,{"list":[{"code":37,"indent":0},{"code":42,"parameters":[120],"indent":null},{"code":4,"indent":null},{"code":42,"parameters":[255],"indent":null},{"code":38,"indent":null},{"code":0}],"repeat":false,"skippable":false,"wait":true}]},{"code":505,"indent":0,"parameters":[{"code":37,"indent":0}]},{"code":505,"indent":0,"parameters":[{"code":42,"parameters":[120],"indent":null}]},{"code":505,"indent":0,"parameters":[{"code":4,"indent":null}]},{"code":505,"indent":0,"parameters":[{"code":42,"parameters":[255],"indent":null}]},{"code":505,"indent":0,"parameters":[{"code":38,"indent":null}]},{"code":201,"indent":0,"parameters":[0,9,2,10,6,0]},{"code":322,"indent":0,"parameters":[1,"!Gobber-gobber_sheet",0,"GobFace",0,"Gob"]},{"code":356,"indent":0,"parameters":["qSight 0 visible true"]},{"code":0,"indent":0,"parameters":[]}],"moveFrequency":3,"moveRoute":{"list":[{"code":0,"parameters":[]}],"repeat":true,"skippable":false,"wait":false},"moveSpeed":3,"moveType":0,"priorityType":1,"stepAnime":false,"through":false,"trigger":3,"walkAnime":true}],"x":14,"y":2},
{"id":9,"name":"Tunne","note":"<collider: box, 24, 21, 12, 18>","pages":[{"conditions":{"actorId":1,"actorValid":false,"itemId":1,"itemValid":false,"selfSwitchCh":"A","selfSwitchValid":false,"switch1Id":1,"switch1Valid":false,"switch2Id":1,"switch2Valid":false,"variableId":1,"variableValid":false,"variableValue":0},"directionFix":false,"image":{"tileId":146,"characterName":"","characterIndex":0,"direction":2,"pattern":0},"list":[{"code":117,"indent":0,"parameters":[15]},{"code":356,"indent":0,"parameters":["qMovement setPos 0 288 94 8"]},{"code":205,"indent":0,"parameters":[-1,{"list":[{"code":4,"indent":null},{"code":41,"parameters":["!GobPipe-sheet",0],"indent":null},{"code":42,"parameters":[255],"indent":null},{"code":4,"indent":null},{"code":2,"indent":null},{"code":2,"indent":null},{"code":2,"indent":null},{"code":2,"indent":null},{"code":1,"indent":null},{"code":42,"parameters":[0],"indent":null},{"code":41,"parameters":["!Gobber-gobber_sheet",0],"indent":null},{"code":1,"indent":null},{"code":1,"indent":null},{"code":0}],"repeat":false,"skippable":false,"wait":true}]},{"code":505,"indent":0,"parameters":[{"code":4,"indent":null}]},{"code":505,"indent":0,"parameters":[{"code":41,"parameters":["!GobPipe-sheet",0],"indent":null}]},{"code":505,"indent":0,"parameters":[{"code":42,"parameters":[255],"indent":null}]},{"code":505,"indent":0,"parameters":[{"code":4,"indent":null}]},{"code":505,"indent":0,"parameters":[{"code":2,"indent":null}]},{"code":505,"indent":0,"parameters":[{"code":2,"indent":null}]},{"code":505,"indent":0,"parameters":[{"code":2,"indent":null}]},{"code":505,"indent":0,"parameters":[{"code":2,"indent":null}]},{"code":505,"indent":0,"parameters":[{"code":1,"indent":null}]},{"code":505,"indent":0,"parameters":[{"code":42,"parameters":[0],"indent":null}]},{"code":505,"indent":0,"parameters":[{"code":41,"parameters":["!Gobber-gobber_sheet",0],"indent":null}]},{"code":505,"indent":0,"parameters":[{"code":1,"indent":null}]},{"code":505,"indent":0,"parameters":[{"code":1,"indent":null}]},{"code":356,"indent":0,"parameters":["qMovement setPos 0 96 142 2"]},{"code":117,"indent":0,"parameters":[16]},{"code":0,"indent":0,"parameters":[]}],"moveFrequency":3,"moveRoute":{"list":[{"code":0,"parameters":[]}],"repeat":true,"skippable":false,"wait":false},"moveSpeed":3,"moveType":0,"priorityType":0,"stepAnime":false,"through":true,"trigger":1,"walkAnime":true}],"x":6,"y":2},
{"id":10,"name":"Restart Location","note":"","pages":[{"conditions":{"actorId":1,"actorValid":false,"itemId":1,"itemValid":false,"selfSwitchCh":"A","selfSwitchValid":false,"switch1Id":1,"switch1Valid":false,"switch2Id":1,"switch2Valid":false,"variableId":1,"variableValid":false,"variableValue":0},"directionFix":false,"image":{"characterIndex":0,"characterName":"","direction":2,"pattern":0,"tileId":0},"list":[{"code":122,"indent":0,"parameters":[18,18,0,0,0]},{"code":122,"indent":0,"parameters":[1,1,0,3,5,-1,0]},{"code":122,"indent":0,"parameters":[2,2,0,3,5,-1,1]},{"code":122,"indent":0,"parameters":[3,3,0,3,7,0,0]},{"code":356,"indent":0,"parameters":["qSprite 0 play pose idle6 breakable"]},{"code":123,"indent":0,"parameters":["A",0]},{"code":205,"indent":0,"parameters":[-1,{"list":[{"code":42,"parameters":[255],"indent":null},{"code":0}],"repeat":false,"skippable":false,"wait":true}]},{"code":505,"indent":0,"parameters":[{"code":42,"parameters":[255],"indent":null}]},{"code":121,"indent":0,"parameters":[61,61,1]},{"code":322,"indent":0,"parameters":[1,"!Gobber-gobber_sheet",0,"GobFace",0,"Gob"]},{"code":0,"indent":0,"parameters":[]}],"moveFrequency":3,"moveRoute":{"list":[{"code":0,"parameters":[]}],"repeat":true,"skippable":false,"wait":false},"moveSpeed":3,"moveType":0,"priorityType":0,"stepAnime":false,"through":false,"trigger":3,"walkAnime":true},{"conditions":{"actorId":1,"actorValid":false,"itemId":1,"itemValid":false,"selfSwitchCh":"A","selfSwitchValid":true,"switch1Id":1,"switch1Valid":false,"switch2Id":1,"switch2Valid":false,"variableId":1,"variableValid":false,"variableValue":0},"directionFix":false,"image":{"characterIndex":0,"characterName":"","direction":2,"pattern":0,"tileId":0},"list":[{"code":0,"indent":0,"parameters":[]}],"moveFrequency":3,"moveRoute":{"list":[{"code":0,"parameters":[]}],"repeat":true,"skippable":false,"wait":false},"moveSpeed":3,"moveType":0,"priorityType":0,"stepAnime":false,"through":false,"trigger":0,"walkAnime":true}],"x":0,"y":0},
{"id":11,"name":"Guard","note":"<enemy:1>","pages":[{"conditions":{"actorId":1,"actorValid":false,"itemId":1,"itemValid":false,"selfSwitchCh":"A","selfSwitchValid":false,"switch1Id":1,"switch1Valid":false,"switch2Id":1,"switch2Valid":false,"variableId":1,"variableValid":false,"variableValue":0},"directionFix":false,"image":{"tileId":0,"characterName":"!Guard-guard_sheet","direction":4,"pattern":0,"characterIndex":0},"list":[{"code":108,"indent":0,"parameters":["<invisible>"]},{"code":408,"indent":0,"parameters":["<speed:4.2>"]},{"code":0,"indent":0,"parameters":[]}],"moveFrequency":5,"moveRoute":{"list":[{"code":15,"parameters":[60],"indent":null},{"code":2,"indent":null},{"code":2,"indent":null},{"code":2,"indent":null},{"code":2,"indent":null},{"code":16,"indent":null},{"code":15,"parameters":[60],"indent":null},{"code":1,"indent":null},{"code":1,"indent":null},{"code":18,"indent":null},{"code":15,"parameters":[60],"indent":null},{"code":3,"indent":null},{"code":3,"indent":null},{"code":3,"indent":null},{"code":3,"indent":null},{"code":19,"indent":null},{"code":15,"parameters":[60],"indent":null},{"code":4,"indent":null},{"code":4,"indent":null},{"code":17,"indent":null},{"code":0,"parameters":[]}],"repeat":true,"skippable":true,"wait":false},"moveSpeed":3,"moveType":3,"priorityType":1,"stepAnime":false,"through":false,"trigger":4,"walkAnime":true}],"x":14,"y":3},
{"id":12,"name":"Key","note":"","pages":[{"conditions":{"actorId":1,"actorValid":false,"itemId":1,"itemValid":false,"selfSwitchCh":"A","selfSwitchValid":false,"switch1Id":61,"switch1Valid":false,"switch2Id":1,"switch2Valid":false,"variableId":1,"variableValid":false,"variableValue":0},"directionFix":false,"image":{"tileId":0,"characterName":"!Key-float","direction":2,"pattern":0,"characterIndex":0},"list":[{"code":121,"indent":0,"parameters":[61,61,0]},{"code":123,"indent":0,"parameters":["A",0]},{"code":250,"indent":0,"parameters":[{"name":"KeyJingle","volume":90,"pitch":100,"pan":0}]},{"code":322,"indent":0,"parameters":[1,"!Gobber_Key-gobber_sheet",0,"GobFace",0,"Gob"]},{"code":0,"indent":0,"parameters":[]}],"moveFrequency":3,"moveRoute":{"list":[{"code":0,"parameters":[]}],"repeat":true,"skippable":false,"wait":false},"moveSpeed":3,"moveType":0,"priorityType":1,"stepAnime":false,"through":false,"trigger":1,"walkAnime":true},{"conditions":{"actorId":1,"actorValid":false,"itemId":1,"itemValid":false,"selfSwitchCh":"A","selfSwitchValid":true,"switch1Id":61,"switch1Valid":false,"switch2Id":1,"switch2Valid":false,"variableId":1,"variableValid":false,"variableValue":0},"directionFix":false,"image":{"characterIndex":0,"characterName":"","direction":2,"pattern":0,"tileId":0},"list":[{"code":0,"indent":0,"parameters":[]}],"moveFrequency":3,"moveRoute":{"list":[{"code":0,"parameters":[]}],"repeat":true,"skippable":false,"wait":false},"moveSpeed":3,"moveType":0,"priorityType":0,"stepAnime":false,"through":false,"trigger":0,"walkAnime":true}],"x":8,"y":3},
{"id":13,"name":"Barrel","note":"<collider: circle, 30, 45, 8, 3>","pages":[{"conditions":{"actorId":1,"actorValid":false,"itemId":1,"itemValid":false,"selfSwitchCh":"A","selfSwitchValid":false,"switch1Id":1,"switch1Valid":false,"switch2Id":1,"switch2Valid":false,"variableId":1,"variableValid":false,"variableValue":0},"directionFix":false,"image":{"tileId":0,"characterName":"!Items","direction":4,"pattern":1,"characterIndex":0},"list":[{"code":0,"indent":0,"parameters":[]}],"moveFrequency":3,"moveRoute":{"list":[{"code":0,"parameters":[]}],"repeat":true,"skippable":false,"wait":false},"moveSpeed":3,"moveType":0,"priorityType":1,"stepAnime":false,"through":false,"trigger":0,"walkAnime":true}],"x":5,"y":6},
{"id":14,"name":"Barrel","note":"<collider: circle, 30, 40, 8, 4>","pages":[{"conditions":{"actorId":1,"actorValid":false,"itemId":1,"itemValid":false,"selfSwitchCh":"A","selfSwitchValid":false,"switch1Id":1,"switch1Valid":false,"switch2Id":1,"switch2Valid":false,"variableId":1,"variableValid":false,"variableValue":0},"directionFix":false,"image":{"tileId":0,"characterName":"!Items","direction":4,"pattern":1,"characterIndex":0},"list":[{"code":0,"indent":0,"parameters":[]}],"moveFrequency":3,"moveRoute":{"list":[{"code":0,"parameters":[]}],"repeat":true,"skippable":false,"wait":false},"moveSpeed":3,"moveType":0,"priorityType":1,"stepAnime":false,"through":false,"trigger":0,"walkAnime":true}],"x":7,"y":6},
{"id":15,"name":"Barrel","note":"<collider: circle, 30, 40, 8, 4>","pages":[{"conditions":{"actorId":1,"actorValid":false,"itemId":1,"itemValid":false,"selfSwitchCh":"A","selfSwitchValid":false,"switch1Id":1,"switch1Valid":false,"switch2Id":1,"switch2Valid":false,"variableId":1,"variableValid":false,"variableValue":0},"directionFix":false,"image":{"tileId":0,"characterName":"!Items","direction":4,"pattern":1,"characterIndex":0},"list":[{"code":0,"indent":0,"parameters":[]}],"moveFrequency":3,"moveRoute":{"list":[{"code":0,"parameters":[]}],"repeat":true,"skippable":false,"wait":false},"moveSpeed":3,"moveType":0,"priorityType":1,"stepAnime":false,"through":false,"trigger":0,"walkAnime":true}],"x":9,"y":6},
{"id":16,"name":"Barrel","note":"<collider: circle, 30, 40, 8, 4>","pages":[{"conditions":{"actorId":1,"actorValid":false,"itemId":1,"itemValid":false,"selfSwitchCh":"A","selfSwitchValid":false,"switch1Id":1,"switch1Valid":false,"switch2Id":1,"switch2Valid":false,"variableId":1,"variableValid":false,"variableValue":0},"directionFix":false,"image":{"tileId":0,"characterName":"!Items","direction":4,"pattern":1,"characterIndex":0},"list":[{"code":0,"indent":0,"parameters":[]}],"moveFrequency":3,"moveRoute":{"list":[{"code":0,"parameters":[]}],"repeat":true,"skippable":false,"wait":false},"moveSpeed":3,"moveType":0,"priorityType":1,"stepAnime":false,"through":false,"trigger":0,"walkAnime":true}],"x":11,"y":6},
{"id":17,"name":"Barrel","note":"<collider: circle, 30, 40, 8, 4>","pages":[{"conditions":{"actorId":1,"actorValid":false,"itemId":1,"itemValid":false,"selfSwitchCh":"A","selfSwitchValid":false,"switch1Id":1,"switch1Valid":false,"switch2Id":1,"switch2Valid":false,"variableId":1,"variableValid":false,"variableValue":0},"directionFix":false,"image":{"tileId":0,"characterName":"!Items","direction":4,"pattern":1,"characterIndex":0},"list":[{"code":0,"indent":0,"parameters":[]}],"moveFrequency":3,"moveRoute":{"list":[{"code":0,"parameters":[]}],"repeat":true,"skippable":false,"wait":false},"moveSpeed":3,"moveType":0,"priorityType":1,"stepAnime":false,"through":false,"trigger":0,"walkAnime":true}],"x":13,"y":6},
{"id":18,"name":"Barrel","note":"<collider: circle, 30, 40, 8, 4>","pages":[{"conditions":{"actorId":1,"actorValid":false,"itemId":1,"itemValid":false,"selfSwitchCh":"A","selfSwitchValid":false,"switch1Id":1,"switch1Valid":false,"switch2Id":1,"switch2Valid":false,"variableId":1,"variableValid":false,"variableValue":0},"directionFix":false,"image":{"tileId":0,"characterName":"!Items","direction":4,"pattern":1,"characterIndex":0},"list":[{"code":0,"indent":0,"parameters":[]}],"moveFrequency":3,"moveRoute":{"list":[{"code":0,"parameters":[]}],"repeat":true,"skippable":false,"wait":false},"moveSpeed":3,"moveType":0,"priorityType":1,"stepAnime":false,"through":false,"trigger":0,"walkAnime":true}],"x":15,"y":6},
{"id":19,"name":"EV019","note":"","pages":[{"conditions":{"actorId":1,"actorValid":false,"itemId":1,"itemValid":false,"selfSwitchCh":"A","selfSwitchValid":false,"switch1Id":1,"switch1Valid":false,"switch2Id":1,"switch2Valid":false,"variableId":1,"variableValid":false,"variableValue":0},"directionFix":false,"image":{"tileId":0,"characterName":"!Items","direction":4,"pattern":0,"characterIndex":0},"list":[{"code":108,"indent":0,"parameters":["<colliders>"]},{"code":408,"indent":0,"parameters":["collision:circle,0,0,0,0"]},{"code":408,"indent":0,"parameters":["interaction:box,32,32,8,8"]},{"code":408,"indent":0,"parameters":["</colliders>"]},{"code":117,"indent":0,"parameters":[5]},{"code":126,"indent":0,"parameters":[3,0,0,1]},{"code":0,"indent":0,"parameters":[]}],"moveFrequency":3,"moveRoute":{"list":[{"code":0,"parameters":[]}],"repeat":true,"skippable":false,"wait":false},"moveSpeed":3,"moveType":0,"priorityType":0,"stepAnime":false,"through":false,"trigger":1,"walkAnime":true},{"conditions":{"actorId":1,"actorValid":false,"itemId":1,"itemValid":false,"selfSwitchCh":"A","selfSwitchValid":true,"switch1Id":1,"switch1Valid":false,"switch2Id":1,"switch2Valid":false,"variableId":1,"variableValid":false,"variableValue":0},"directionFix":false,"image":{"characterIndex":0,"characterName":"","direction":2,"pattern":0,"tileId":0},"list":[{"code":0,"indent":0,"parameters":[]}],"moveFrequency":3,"moveRoute":{"list":[{"code":0,"parameters":[]}],"repeat":true,"skippable":false,"wait":false},"moveSpeed":3,"moveType":0,"priorityType":0,"stepAnime":false,"through":false,"trigger":0,"walkAnime":true}],"x":10,"y":3}
]
}