{
"autoplayBgm":true,"autoplayBgs":false,"battleback1Name":"","battleback2Name":"","bgm":{"name":"Punchy Music","pan":0,"pitch":100,"volume":90},"bgs":{"name":"","pan":0,"pitch":100,"volume":90},"disableDashing":true,"displayName":"","encounterList":[],"encounterStep":30,"height":10,"note":"","parallaxLoopX":false,"parallaxLoopY":false,"parallaxName":"","parallaxShow":true,"parallaxSx":0,"parallaxSy":0,"scrollType":0,"specifyBattleback":false,"tilesetId":1,"width":17,
"data":[0,0,0,0,0,0,0,0,0,0,0,0,0,0,0,0,0,0,0,0,0,0,0,0,0,0,0,0,0,0,0,0,0,0,0,0,0,0,0,0,0,0,0,0,0,0,0,0,0,0,0,0,0,0,0,0,0,0,0,0,0,0,0,0,0,0,0,0,0,0,0,0,0,0,0,0,0,0,0,0,0,0,0,0,0,0,0,0,0,0,0,0,0,0,0,0,0,0,0,0,0,0,0,0,0,0,0,0,0,0,0,0,0,0,0,0,0,0,0,0,0,0,0,0,0,0,0,0,0,0,0,0,0,0,0,0,0,0,0,0,0,0,0,0,0,0,0,0,0,0,0,0,0,0,0,0,0,0,0,0,0,0,0,0,0,0,0,0,0,0,0,0,0,0,0,0,0,0,0,0,0,0,0,0,0,0,0,0,0,0,0,0,0,0,0,0,0,0,0,0,0,0,0,0,0,0,0,0,0,0,0,0,0,0,0,0,0,0,0,0,0,0,0,0,0,0,0,0,0,0,0,0,0,0,0,0,0,0,0,0,0,0,0,0,0,0,0,0,0,0,0,0,0,0,0,0,0,0,0,0,0,0,0,0,0,0,0,0,0,0,0,0,0,0,0,0,0,0,0,0,0,0,0,0,0,0,0,0,0,0,0,0,0,0,0,0,0,0,0,0,0,0,0,0,0,0,0,0,0,0,0,0,0,0,0,0,0,0,0,0,0,0,0,0,0,0,0,0,0,0,0,0,0,0,0,0,0,0,0,0,0,0,0,0,0,0,0,0,0,0,0,0,0,0,0,0,0,0,0,0,0,0,0,0,0,0,83,64,64,0,64,64,84,0,0,0,0,0,0,0,0,0,0,0,0,64,0,64,0,64,0,0,0,0,0,0,0,73,72,74,0,0,64,64,64,0,0,0,64,64,64,64,64,64,90,64,90,64,64,64,64,64,64,64,64,64,31,64,0,0,0,31,64,31,0,0,0,0,38,31,38,64,64,23,26,11,21,11,27,64,28,11,29,11,29,11,29,23,64,64,23,11,11,11,28,27,64,11,11,11,11,11,11,11,23,64,64,28,20,26,27,28,19,64,26,20,26,20,28,20,20,19,64,0,0,0,0,0,0,0,0,0,0,0,0,0,0,0,0,0,64,64,64,64,64,64,64,64,64,64,64,64,64,64,64,64,64,64,64,64,64,64,64,64,64,64,58,89,84,64,83,89,58,64,64,64,64,64,64,64,64,64,64,47,64,90,64,90,64,47,64,64,64,64,64,64,64,83,89,84,64,64,91,89,92,64,64,64,36,58,58,58,58,58,58,68,58,58,58,58,58,58,58,58,35,44,46,47,38,39,38,47,32,47,38,39,38,39,4,23,4,43,44,20,29,20,26,20,15,32,15,20,28,20,28,20,20,20,43,44,20,27,28,27,29,20,32,27,28,27,28,27,28,27,29,43,52,58,58,58,58,58,58,40,58,58,58,58,58,58,58,58,51,64,64,64,64,64,64,64,64,64,64,64,64,64,64,64,64,64,0,0,0,0,0,0,0,0,0,0,0,0,0,0,0,0,0,0,0,0,0,0,0,0,0,0,0,0,0,0,0,0,0,0,0,0,0,0,0,0,0,0,0,0,0,0,0,0,0,0,0,0,0,0,0,0,0,0,0,0,0,0,0,0,0,0,0,0,0,0,0,0,0,0,0,0,0,0,0,0,0,0,0,0,0,0,0,0,0,0,0,0,0,0,0,0,0,0,0,0,0,0,0,0,0,0,0,0,0,0,0,0,0,0,0,0,0,10,0,0,0,0,0,0,0,0,0,0,0,0,0,0,0,0,2,0,0,0,0,0,0,0,0,0,0,0,0,0,0,0,0,0,0,0,0,0,0,0,0,0,0,0,0,0,0,0,0,0,0,0,0,0,0,0,0,0,0,0,0,0,0,0,0,0,0,0,0,0,0,0,0,0,0,0,0,0,0,0,0,0,0,0,0,0,0,0,0,0,0,0,0,0,0,0,0,0,0,0,0,0,0,0,0,0,0,0,0,0,0,0,0,0,0,0,0,0,0,0,0,0,0,0,0,0,0,0,0,0,0,0,0,0,0,0,0,1,1,1,1,1,1,1,1,1,1,1,1,1,1,1,1,1,1,0,0,0,0,0,0,1,0,0,0,0,0,0,0,0,1,1,0,0,0,0,0,0,1,0,0,0,0,0,0,0,0,1,1,0,0,0,0,0,0,1,0,0,0,0,0,0,0,0,1,1,1,1,1,1,1,1,1,1,1,1,1,1,1,1,1,1],
"events":[
null,
{"id":1,"name":"Tunnel1","note":"<collider: box, 24, 21, 12, 18>","pages":[{"conditions":{"actorId":1,"actorValid":false,"itemId":1,"itemValid":false,"selfSwitchCh":"A","selfSwitchValid":false,"switch1Id":1,"switch1Valid":false,"switch2Id":1,"switch2Valid":false,"variableId":1,"variableValid":false,"variableValue":0},"directionFix":false,"image":{"tileId":146,"characterName":"","characterIndex":0,"direction":2,"pattern":0},"list":[{"code":117,"indent":0,"parameters":[15]},{"code":111,"indent":0,"parameters":[0,61,0]},{"code":205,"indent":1,"parameters":[-1,{"list":[{"code":4,"indent":null},{"code":41,"parameters":["!GobPipe-sheet",0],"indent":null},{"code":42,"parameters":[255],"indent":null},{"code":4,"indent":null},{"code":3,"indent":null},{"code":3,"indent":null},{"code":1,"indent":null},{"code":42,"parameters":[0],"indent":null},{"code":41,"parameters":["!Gobber_Key-gobber_sheet",0],"indent":null},{"code":1,"indent":null},{"code":1,"indent":null},{"code":0}],"repeat":false,"skippable":false,"wait":true}]},{"code":505,"indent":1,"parameters":[{"code":4,"indent":null}]},{"code":505,"indent":1,"parameters":[{"code":41,"parameters":["!GobPipe-sheet",0],"indent":null}]},{"code":505,"indent":1,"parameters":[{"code":42,"parameters":[255],"indent":null}]},{"code":505,"indent":1,"parameters":[{"code":4,"indent":null}]},{"code":505,"indent":1,"parameters":[{"code":3,"indent":null}]},{"code":505,"indent":1,"parameters":[{"code":3,"indent":null}]},{"code":505,"indent":1,"parameters":[{"code":1,"indent":null}]},{"code":505,"indent":1,"parameters":[{"code":42,"parameters":[0],"indent":null}]},{"code":505,"indent":1,"parameters":[{"code":41,"parameters":["!Gobber_Key-gobber_sheet",0],"indent":null}]},{"code":505,"indent":1,"parameters":[{"code":1,"indent":null}]},{"code":505,"indent":1,"parameters":[{"code":1,"indent":null}]},{"code":0,"indent":1,"parameters":[]},{"code":411,"indent":0,"parameters":[]},{"code":205,"indent":1,"parameters":[-1,{"list":[{"code":4,"indent":null},{"code":41,"parameters":["!GobPipe-sheet",0],"indent":null},{"code":42,"parameters":[255],"indent":null},{"code":4,"indent":null},{"code":3,"indent":null},{"code":3,"indent":null},{"code":1,"indent":null},{"code":42,"parameters":[0],"indent":null},{"code":41,"parameters":["!Gobber-gobber_sheet",0],"indent":null},{"code":1,"indent":null},{"code":1,"indent":null},{"code":0}],"repeat":false,"skippable":false,"wait":true}]},{"code":505,"indent":1,"parameters":[{"code":4,"indent":null}]},{"code":505,"indent":1,"parameters":[{"code":41,"parameters":["!GobPipe-sheet",0],"indent":null}]},{"code":505,"indent":1,"parameters":[{"code":42,"parameters":[255],"indent":null}]},{"code":505,"indent":1,"parameters":[{"code":4,"indent":null}]},{"code":505,"indent":1,"parameters":[{"code":3,"indent":null}]},{"code":505,"indent":1,"parameters":[{"code":3,"indent":null}]},{"code":505,"indent":1,"parameters":[{"code":1,"indent":null}]},{"code":505,"indent":1,"parameters":[{"code":42,"parameters":[0],"indent":null}]},{"code":505,"indent":1,"parameters":[{"code":41,"parameters":["!Gobber-gobber_sheet",0],"indent":null}]},{"code":505,"indent":1,"parameters":[{"code":1,"indent":null}]},{"code":505,"indent":1,"parameters":[{"code":1,"indent":null}]},{"code":0,"indent":1,"parameters":[]},{"code":412,"indent":0,"parameters":[]},{"code":117,"indent":0,"parameters":[16]},{"code":0,"indent":0,"parameters":[]}],"moveFrequency":3,"moveRoute":{"list":[{"code":0,"parameters":[]}],"repeat":true,"skippable":false,"wait":false},"moveSpeed":3,"moveType":0,"priorityType":0,"stepAnime":false,"through":true,"trigger":1,"walkAnime":true}],"x":6,"y":5},
{"id":2,"name":"Tunnel2","note":"<collider: box, 24, 21, 12, 18>","pages":[{"conditions":{"actorId":1,"actorValid":false,"itemId":1,"itemValid":false,"selfSwitchCh":"A","selfSwitchValid":false,"switch1Id":1,"switch1Valid":false,"switch2Id":1,"switch2Valid":false,"variableId":1,"variableValid":false,"variableValue":0},"directionFix":false,"image":{"tileId":146,"characterName":"","characterIndex":0,"direction":2,"pattern":0},"list":[{"code":117,"indent":0,"parameters":[15]},{"code":111,"indent":0,"parameters":[0,61,0]},{"code":205,"indent":1,"parameters":[-1,{"list":[{"code":4,"indent":null},{"code":41,"parameters":["!GobPipe-sheet",0],"indent":null},{"code":42,"parameters":[255],"indent":null},{"code":4,"indent":null},{"code":2,"indent":null},{"code":2,"indent":null},{"code":1,"indent":null},{"code":42,"parameters":[0],"indent":null},{"code":41,"parameters":["!Gobber_Key-gobber_sheet",0],"indent":null},{"code":1,"indent":null},{"code":1,"indent":null},{"code":0}],"repeat":false,"skippable":false,"wait":true}]},{"code":505,"indent":1,"parameters":[{"code":4,"indent":null}]},{"code":505,"indent":1,"parameters":[{"code":41,"parameters":["!GobPipe-sheet",0],"indent":null}]},{"code":505,"indent":1,"parameters":[{"code":42,"parameters":[255],"indent":null}]},{"code":505,"indent":1,"parameters":[{"code":4,"indent":null}]},{"code":505,"indent":1,"parameters":[{"code":2,"indent":null}]},{"code":505,"indent":1,"parameters":[{"code":2,"indent":null}]},{"code":505,"indent":1,"parameters":[{"code":1,"indent":null}]},{"code":505,"indent":1,"parameters":[{"code":42,"parameters":[0],"indent":null}]},{"code":505,"indent":1,"parameters":[{"code":41,"parameters":["!Gobber_Key-gobber_sheet",0],"indent":null}]},{"code":505,"indent":1,"parameters":[{"code":1,"indent":null}]},{"code":505,"indent":1,"parameters":[{"code":1,"indent":null}]},{"code":0,"indent":1,"parameters":[]},{"code":411,"indent":0,"parameters":[]},{"code":205,"indent":1,"parameters":[-1,{"list":[{"code":4,"indent":null},{"code":41,"parameters":["!GobPipe-sheet",0],"indent":null},{"code":42,"parameters":[255],"indent":null},{"code":4,"indent":null},{"code":2,"indent":null},{"code":2,"indent":null},{"code":1,"indent":null},{"code":42,"parameters":[0],"indent":null},{"code":41,"parameters":["!Gobber-gobber_sheet",0],"indent":null},{"code":1,"indent":null},{"code":1,"indent":null},{"code":0}],"repeat":false,"skippable":false,"wait":true}]},{"code":505,"indent":1,"parameters":[{"code":4,"indent":null}]},{"code":505,"indent":1,"parameters":[{"code":41,"parameters":["!GobPipe-sheet",0],"indent":null}]},{"code":505,"indent":1,"parameters":[{"code":42,"parameters":[255],"indent":null}]},{"code":505,"indent":1,"parameters":[{"code":4,"indent":null}]},{"code":505,"indent":1,"parameters":[{"code":2,"indent":null}]},{"code":505,"indent":1,"parameters":[{"code":2,"indent":null}]},{"code":505,"indent":1,"parameters":[{"code":1,"indent":null}]},{"code":505,"indent":1,"parameters":[{"code":42,"parameters":[0],"indent":null}]},{"code":505,"indent":1,"parameters":[{"code":41,"parameters":["!Gobber-gobber_sheet",0],"indent":null}]},{"code":505,"indent":1,"parameters":[{"code":1,"indent":null}]},{"code":505,"indent":1,"parameters":[{"code":1,"indent":null}]},{"code":0,"indent":1,"parameters":[]},{"code":412,"indent":0,"parameters":[]},{"code":117,"indent":0,"parameters":[16]},{"code":0,"indent":0,"parameters":[]}],"moveFrequency":3,"moveRoute":{"list":[{"code":0,"parameters":[]}],"repeat":true,"skippable":false,"wait":false},"moveSpeed":3,"moveType":0,"priorityType":0,"stepAnime":false,"through":true,"trigger":1,"walkAnime":true}],"x":8,"y":5},
{"id":3,"name":"Torch","note":"","pages":[{"conditions":{"actorId":1,"actorValid":false,"itemId":1,"itemValid":false,"selfSwitchCh":"A","selfSwitchValid":false,"switch1Id":1,"switch1Valid":false,"switch2Id":1,"switch2Valid":false,"variableId":1,"variableValid":false,"variableValue":0},"directionFix":false,"image":{"tileId":0,"characterName":"!Torch-flicker","direction":2,"pattern":0,"characterIndex":0},"list":[{"code":0,"indent":0,"parameters":[]}],"moveFrequency":3,"moveRoute":{"list":[{"code":0,"parameters":[]}],"repeat":true,"skippable":false,"wait":false},"moveSpeed":3,"moveType":0,"priorityType":1,"stepAnime":false,"through":false,"trigger":0,"walkAnime":true}],"x":5,"y":5},
{"id":4,"name":"Restart Location","note":"","pages":[{"conditions":{"actorId":1,"actorValid":false,"itemId":1,"itemValid":false,"selfSwitchCh":"A","selfSwitchValid":false,"switch1Id":1,"switch1Valid":false,"switch2Id":1,"switch2Valid":false,"variableId":1,"variableValid":false,"variableValue":0},"directionFix":false,"image":{"characterIndex":0,"characterName":"","direction":2,"pattern":0,"tileId":0},"list":[{"code":122,"indent":0,"parameters":[18,18,0,0,0]},{"code":122,"indent":0,"parameters":[1,1,0,3,5,-1,0]},{"code":122,"indent":0,"parameters":[2,2,0,3,5,-1,1]},{"code":122,"indent":0,"parameters":[3,3,0,3,7,0,0]},{"code":356,"indent":0,"parameters":["qSprite 0 play pose idle6 breakable"]},{"code":123,"indent":0,"parameters":["A",0]},{"code":205,"indent":0,"parameters":[-1,{"list":[{"code":42,"parameters":[255],"indent":null},{"code":0}],"repeat":false,"skippable":false,"wait":true}]},{"code":505,"indent":0,"parameters":[{"code":42,"parameters":[255],"indent":null}]},{"code":121,"indent":0,"parameters":[61,61,1]},{"code":322,"indent":0,"parameters":[1,"!Gobber-gobber_sheet",0,"GobFace",0,"Gob"]},{"code":0,"indent":0,"parameters":[]}],"moveFrequency":3,"moveRoute":{"list":[{"code":0,"parameters":[]}],"repeat":true,"skippable":false,"wait":false},"moveSpeed":3,"moveType":0,"priorityType":0,"stepAnime":false,"through":false,"trigger":3,"walkAnime":true},{"conditions":{"actorId":1,"actorValid":false,"itemId":1,"itemValid":false,"selfSwitchCh":"A","selfSwitchValid":true,"switch1Id":1,"switch1Valid":false,"switch2Id":1,"switch2Valid":false,"variableId":1,"variableValid":false,"variableValue":0},"directionFix":false,"image":{"characterIndex":0,"characterName":"","direction":2,"pattern":0,"tileId":0},"list":[{"code":0,"indent":0,"parameters":[]}],"moveFrequency":3,"moveRoute":{"list":[{"code":0,"parameters":[]}],"repeat":true,"skippable":false,"wait":false},"moveSpeed":3,"moveType":0,"priorityType":0,"stepAnime":false,"through":false,"trigger":0,"walkAnime":true}],"x":0,"y":0},
{"id":5,"name":"Torch","note":"","pages":[{"conditions":{"actorId":1,"actorValid":false,"itemId":1,"itemValid":false,"selfSwitchCh":"A","selfSwitchValid":false,"switch1Id":1,"switch1Valid":false,"switch2Id":1,"switch2Valid":false,"variableId":1,"variableValid":false,"variableValue":0},"directionFix":false,"image":{"tileId":0,"characterName":"!Torch-flicker","direction":2,"pattern":0,"characterIndex":0},"list":[{"code":0,"indent":0,"parameters":[]}],"moveFrequency":3,"moveRoute":{"list":[{"code":0,"parameters":[]}],"repeat":true,"skippable":false,"wait":false},"moveSpeed":3,"moveType":0,"priorityType":1,"stepAnime":false,"through":false,"trigger":0,"walkAnime":true}],"x":9,"y":5},
{"id":6,"name":"Key","note":"","pages":[{"conditions":{"actorId":1,"actorValid":false,"itemId":1,"itemValid":false,"selfSwitchCh":"A","selfSwitchValid":false,"switch1Id":61,"switch1Valid":false,"switch2Id":1,"switch2Valid":false,"variableId":1,"variableValid":false,"variableValue":0},"directionFix":false,"image":{"tileId":0,"characterName":"!Key-float","direction":2,"pattern":0,"characterIndex":0},"list":[{"code":121,"indent":0,"parameters":[61,61,0]},{"code":123,"indent":0,"parameters":["A",0]},{"code":250,"indent":0,"parameters":[{"name":"KeyJingle","volume":90,"pitch":100,"pan":0}]},{"code":322,"indent":0,"parameters":[1,"!Gobber_Key-gobber_sheet",0,"GobFace",0,"Gob"]},{"code":0,"indent":0,"parameters":[]}],"moveFrequency":3,"moveRoute":{"list":[{"code":0,"parameters":[]}],"repeat":true,"skippable":false,"wait":false},"moveSpeed":3,"moveType":0,"priorityType":1,"stepAnime":false,"through":false,"trigger":1,"walkAnime":true},{"conditions":{"actorId":1,"actorValid":false,"itemId":1,"itemValid":false,"selfSwitchCh":"A","selfSwitchValid":true,"switch1Id":61,"switch1Valid":false,"switch2Id":1,"switch2Valid":false,"variableId":1,"variableValid":false,"variableValue":0},"directionFix":false,"image":{"characterIndex":0,"characterName":"","direction":2,"pattern":0,"tileId":0},"list":[{"code":0,"indent":0,"parameters":[]}],"moveFrequency":3,"moveRoute":{"list":[{"code":0,"parameters":[]}],"repeat":true,"skippable":false,"wait":false},"moveSpeed":3,"moveType":0,"priorityType":0,"stepAnime":false,"through":false,"trigger":0,"walkAnime":true}],"x":11,"y":7},
{"id":7,"name":"Door","note":"","pages":[{"conditions":{"actorId":1,"actorValid":false,"itemId":1,"itemValid":false,"selfSwitchCh":"A","selfSwitchValid":false,"switch1Id":1,"switch1Valid":false,"switch2Id":1,"switch2Valid":false,"variableId":1,"variableValid":false,"variableValue":0},"directionFix":false,"image":{"tileId":0,"characterName":"!Door-locked","direction":2,"pattern":0,"characterIndex":0},"list":[{"code":111,"indent":0,"parameters":[0,61,0]},{"code":250,"indent":1,"parameters":[{"name":"Key","volume":90,"pitch":100,"pan":0}]},{"code":356,"indent":1,"parameters":["qMovement setPos 0 672 286 8"]},{"code":356,"indent":1,"parameters":["qSight 0 visible false"]},{"code":230,"indent":1,"parameters":[30]},{"code":250,"indent":1,"parameters":[{"name":"DoorOpen","volume":90,"pitch":100,"pan":0}]},{"code":356,"indent":1,"parameters":["qSprite this play unlock pause"]},{"code":230,"indent":1,"parameters":[60]},{"code":121,"indent":1,"parameters":[61,61,1]},{"code":123,"indent":1,"parameters":["A",0]},{"code":322,"indent":1,"parameters":[1,"!Gobber-gobber_sheet",0,"GobFace",0,"Gob"]},{"code":0,"indent":1,"parameters":[]},{"code":412,"indent":0,"parameters":[]},{"code":0,"indent":0,"parameters":[]}],"moveFrequency":3,"moveRoute":{"list":[{"code":0,"parameters":[]}],"repeat":true,"skippable":false,"wait":false},"moveSpeed":3,"moveType":0,"priorityType":1,"stepAnime":false,"through":false,"trigger":1,"walkAnime":false},{"conditions":{"actorId":1,"actorValid":false,"itemId":1,"itemValid":false,"selfSwitchCh":"A","selfSwitchValid":true,"switch1Id":1,"switch1Valid":false,"switch2Id":1,"switch2Valid":false,"variableId":1,"variableValid":false,"variableValue":0},"directionFix":false,"image":{"tileId":0,"characterName":"!Door-locked","direction":4,"pattern":0,"characterIndex":2},"list":[{"code":250,"indent":0,"parameters":[{"name":"Run","volume":90,"pitch":100,"pan":0}]},{"code":205,"indent":0,"parameters":[-1,{"list":[{"code":37,"indent":0},{"code":42,"parameters":[120],"indent":null},{"code":4,"indent":null},{"code":42,"parameters":[0],"indent":null},{"code":38,"indent":null},{"code":0}],"repeat":false,"skippable":false,"wait":true}]},{"code":505,"indent":0,"parameters":[{"code":37,"indent":0}]},{"code":505,"indent":0,"parameters":[{"code":42,"parameters":[120],"indent":null}]},{"code":505,"indent":0,"parameters":[{"code":4,"indent":null}]},{"code":505,"indent":0,"parameters":[{"code":42,"parameters":[0],"indent":null}]},{"code":505,"indent":0,"parameters":[{"code":38,"indent":null}]},{"code":201,"indent":0,"parameters":[0,8,1,5,6,0]},{"code":322,"indent":0,"parameters":[1,"!Gobber-gobber_sheet",0,"GobFace",0,"Gob"]},{"code":356,"indent":0,"parameters":["qSight 0 visible true"]},{"code":0,"indent":0,"parameters":[]}],"moveFrequency":3,"moveRoute":{"list":[{"code":0,"parameters":[]}],"repeat":true,"skippable":false,"wait":false},"moveSpeed":3,"moveType":0,"priorityType":1,"stepAnime":false,"through":false,"trigger":3,"walkAnime":true}],"x":14,"y":5},
{"id":8,"name":"Gold","note":"","pages":[{"conditions":{"actorId":1,"actorValid":false,"itemId":1,"itemValid":false,"selfSwitchCh":"A","selfSwitchValid":false,"switch1Id":1,"switch1Valid":false,"switch2Id":1,"switch2Valid":false,"variableId":1,"variableValid":false,"variableValue":0},"directionFix":false,"image":{"tileId":0,"characterName":"!Items2-","direction":4,"pattern":0,"characterIndex":0},"list":[{"code":108,"indent":0,"parameters":["<colliders>"]},{"code":408,"indent":0,"parameters":["collision:circle,0,0,0,0"]},{"code":408,"indent":0,"parameters":["interaction:box,32,32,8,8"]},{"code":408,"indent":0,"parameters":["</colliders>"]},{"code":117,"indent":0,"parameters":[6]},{"code":0,"indent":0,"parameters":[]}],"moveFrequency":3,"moveRoute":{"list":[{"code":0,"parameters":[]}],"repeat":true,"skippable":false,"wait":false},"moveSpeed":3,"moveType":0,"priorityType":0,"stepAnime":false,"through":false,"trigger":1,"walkAnime":true},{"conditions":{"actorId":1,"actorValid":false,"itemId":1,"itemValid":false,"selfSwitchCh":"A","selfSwitchValid":true,"switch1Id":1,"switch1Valid":false,"switch2Id":1,"switch2Valid":false,"variableId":1,"variableValid":false,"variableValue":0},"directionFix":false,"image":{"characterIndex":0,"characterName":"","direction":2,"pattern":0,"tileId":0},"list":[{"code":0,"indent":0,"parameters":[]}],"moveFrequency":3,"moveRoute":{"list":[{"code":0,"parameters":[]}],"repeat":true,"skippable":false,"wait":false},"moveSpeed":3,"moveType":0,"priorityType":0,"stepAnime":false,"through":false,"trigger":0,"walkAnime":true}],"x":15,"y":7},
{"id":9,"name":"S-key","note":"","pages":[{"conditions":{"actorId":1,"actorValid":false,"itemId":1,"itemValid":false,"selfSwitchCh":"A","selfSwitchValid":false,"switch1Id":1,"switch1Valid":false,"switch2Id":1,"switch2Valid":false,"variableId":1,"variableValid":false,"variableValue":0},"directionFix":false,"image":{"tileId":0,"characterName":"!Controls","direction":2,"pattern":0,"characterIndex":0},"list":[{"code":111,"indent":0,"parameters":[6,13,2]},{"code":123,"indent":1,"parameters":["A",0]},{"code":0,"indent":1,"parameters":[]},{"code":412,"indent":0,"parameters":[]},{"code":0,"indent":0,"parameters":[]}],"moveFrequency":3,"moveRoute":{"list":[{"code":0,"parameters":[]}],"repeat":true,"skippable":false,"wait":false},"moveSpeed":3,"moveType":0,"priorityType":1,"stepAnime":false,"through":false,"trigger":4,"walkAnime":true},{"conditions":{"actorId":1,"actorValid":false,"itemId":1,"itemValid":false,"selfSwitchCh":"A","selfSwitchValid":true,"switch1Id":1,"switch1Valid":false,"switch2Id":1,"switch2Valid":false,"variableId":1,"variableValid":false,"variableValue":0},"directionFix":false,"image":{"tileId":0,"characterName":"!Controls","direction":2,"pattern":0,"characterIndex":1},"list":[{"code":111,"indent":0,"parameters":[6,13,2]},{"code":0,"indent":1,"parameters":[]},{"code":411,"indent":0,"parameters":[]},{"code":123,"indent":1,"parameters":["A",1]},{"code":0,"indent":1,"parameters":[]},{"code":412,"indent":0,"parameters":[]},{"code":0,"indent":0,"parameters":[]}],"moveFrequency":3,"moveRoute":{"list":[{"code":0,"parameters":[]}],"repeat":true,"skippable":false,"wait":false},"moveSpeed":3,"moveType":0,"priorityType":1,"stepAnime":false,"through":false,"trigger":4,"walkAnime":true}],"x":3,"y":3},
{"id":10,"name":"A-key","note":"","pages":[{"conditions":{"actorId":1,"actorValid":false,"itemId":1,"itemValid":false,"selfSwitchCh":"A","selfSwitchValid":false,"switch1Id":1,"switch1Valid":false,"switch2Id":1,"switch2Valid":false,"variableId":1,"variableValid":false,"variableValue":0},"directionFix":false,"image":{"tileId":0,"characterName":"!Controls","direction":4,"pattern":0,"characterIndex":0},"list":[{"code":111,"indent":0,"parameters":[6,13,4]},{"code":123,"indent":1,"parameters":["A",0]},{"code":0,"indent":1,"parameters":[]},{"code":412,"indent":0,"parameters":[]},{"code":0,"indent":0,"parameters":[]}],"moveFrequency":3,"moveRoute":{"list":[{"code":0,"parameters":[]}],"repeat":true,"skippable":false,"wait":false},"moveSpeed":3,"moveType":0,"priorityType":1,"stepAnime":false,"through":false,"trigger":4,"walkAnime":true},{"conditions":{"actorId":1,"actorValid":false,"itemId":1,"itemValid":false,"selfSwitchCh":"A","selfSwitchValid":true,"switch1Id":1,"switch1Valid":false,"switch2Id":1,"switch2Valid":false,"variableId":1,"variableValid":false,"variableValue":0},"directionFix":false,"image":{"tileId":0,"characterName":"!Controls","direction":4,"pattern":0,"characterIndex":1},"list":[{"code":111,"indent":0,"parameters":[6,13,2]},{"code":123,"indent":1,"parameters":["A",1]},{"code":0,"indent":1,"parameters":[]},{"code":412,"indent":0,"parameters":[]},{"code":0,"indent":0,"parameters":[]}],"moveFrequency":3,"moveRoute":{"list":[{"code":0,"parameters":[]}],"repeat":true,"skippable":false,"wait":false},"moveSpeed":3,"moveType":0,"priorityType":1,"stepAnime":false,"through":false,"trigger":4,"walkAnime":true}],"x":2,"y":3},
{"id":11,"name":"D-key","note":"","pages":[{"conditions":{"actorId":1,"actorValid":false,"itemId":1,"itemValid":false,"selfSwitchCh":"A","selfSwitchValid":false,"switch1Id":1,"switch1Valid":false,"switch2Id":1,"switch2Valid":false,"variableId":1,"variableValid":false,"variableValue":0},"directionFix":false,"image":{"tileId":0,"characterName":"!Controls","direction":6,"pattern":0,"characterIndex":0},"list":[{"code":111,"indent":0,"parameters":[6,13,6]},{"code":123,"indent":1,"parameters":["A",0]},{"code":0,"indent":1,"parameters":[]},{"code":412,"indent":0,"parameters":[]},{"code":0,"indent":0,"parameters":[]}],"moveFrequency":3,"moveRoute":{"list":[{"code":0,"parameters":[]}],"repeat":true,"skippable":false,"wait":false},"moveSpeed":3,"moveType":0,"priorityType":1,"stepAnime":false,"through":false,"trigger":4,"walkAnime":true},{"conditions":{"actorId":1,"actorValid":false,"itemId":1,"itemValid":false,"selfSwitchCh":"A","selfSwitchValid":true,"switch1Id":1,"switch1Valid":false,"switch2Id":1,"switch2Valid":false,"variableId":1,"variableValid":false,"variableValue":0},"directionFix":false,"image":{"tileId":0,"characterName":"!Controls","direction":6,"pattern":0,"characterIndex":1},"list":[{"code":111,"indent":0,"parameters":[6,13,8]},{"code":123,"indent":1,"parameters":["A",1]},{"code":0,"indent":1,"parameters":[]},{"code":412,"indent":0,"parameters":[]},{"code":0,"indent":0,"parameters":[]}],"moveFrequency":3,"moveRoute":{"list":[{"code":0,"parameters":[]}],"repeat":true,"skippable":false,"wait":false},"moveSpeed":3,"moveType":0,"priorityType":1,"stepAnime":false,"through":false,"trigger":4,"walkAnime":true}],"x":4,"y":3},
{"id":12,"name":"W-key","note":"","pages":[{"conditions":{"actorId":1,"actorValid":false,"itemId":1,"itemValid":false,"selfSwitchCh":"A","selfSwitchValid":false,"switch1Id":1,"switch1Valid":false,"switch2Id":1,"switch2Valid":false,"variableId":1,"variableValid":false,"variableValue":0},"directionFix":false,"image":{"tileId":0,"characterName":"!Controls","direction":8,"pattern":0,"characterIndex":0},"list":[{"code":111,"indent":0,"parameters":[6,13,8]},{"code":123,"indent":1,"parameters":["A",0]},{"code":0,"indent":1,"parameters":[]},{"code":412,"indent":0,"parameters":[]},{"code":0,"indent":0,"parameters":[]}],"moveFrequency":3,"moveRoute":{"list":[{"code":0,"parameters":[]}],"repeat":true,"skippable":false,"wait":false},"moveSpeed":3,"moveType":0,"priorityType":1,"stepAnime":false,"through":false,"trigger":4,"walkAnime":true},{"conditions":{"actorId":1,"actorValid":false,"itemId":1,"itemValid":false,"selfSwitchCh":"A","selfSwitchValid":true,"switch1Id":1,"switch1Valid":false,"switch2Id":1,"switch2Valid":false,"variableId":1,"variableValid":false,"variableValue":0},"directionFix":false,"image":{"tileId":0,"characterName":"!Controls","direction":8,"pattern":0,"characterIndex":1},"list":[{"code":111,"indent":0,"parameters":[6,13,4]},{"code":123,"indent":1,"parameters":["A",1]},{"code":0,"indent":1,"parameters":[]},{"code":412,"indent":0,"parameters":[]},{"code":0,"indent":0,"parameters":[]}],"moveFrequency":3,"moveRoute":{"list":[{"code":0,"parameters":[]}],"repeat":true,"skippable":false,"wait":false},"moveSpeed":3,"moveType":0,"priorityType":1,"stepAnime":false,"through":false,"trigger":4,"walkAnime":true}],"x":3,"y":2},
{"id":13,"name":"Fake Gobber 1","note":"","pages":[{"conditions":{"actorId":1,"actorValid":false,"itemId":1,"itemValid":false,"selfSwitchCh":"A","selfSwitchValid":false,"switch1Id":1,"switch1Valid":false,"switch2Id":1,"switch2Valid":false,"variableId":1,"variableValid":false,"variableValue":0},"directionFix":false,"image":{"tileId":0,"characterName":"!Gobber-gobber_sheet","direction":2,"pattern":0,"characterIndex":0},"list":[{"code":0,"indent":0,"parameters":[]}],"moveFrequency":5,"moveRoute":{"list":[{"code":4,"indent":null},{"code":4,"indent":null},{"code":2,"indent":null},{"code":2,"indent":null},{"code":2,"indent":null},{"code":2,"indent":null},{"code":1,"indent":null},{"code":1,"indent":null},{"code":1,"indent":null},{"code":3,"indent":null},{"code":3,"indent":null},{"code":3,"indent":null},{"code":3,"indent":null},{"code":4,"indent":null},{"code":0,"parameters":[]}],"repeat":true,"skippable":false,"wait":false},"moveSpeed":3,"moveType":3,"priorityType":1,"stepAnime":false,"through":true,"trigger":0,"walkAnime":true}],"x":5,"y":3},
{"id":14,"name":"Fake Tunnel 1","note":"","pages":[{"conditions":{"actorId":1,"actorValid":false,"itemId":1,"itemValid":false,"selfSwitchCh":"A","selfSwitchValid":false,"switch1Id":1,"switch1Valid":false,"switch2Id":1,"switch2Valid":false,"variableId":1,"variableValid":false,"variableValue":0},"directionFix":false,"image":{"tileId":146,"characterName":"","characterIndex":0,"direction":2,"pattern":0},"list":[{"code":0,"indent":0,"parameters":[]}],"moveFrequency":3,"moveRoute":{"list":[{"code":0,"parameters":[]}],"repeat":true,"skippable":false,"wait":false},"moveSpeed":3,"moveType":0,"priorityType":0,"stepAnime":false,"through":false,"trigger":0,"walkAnime":true}],"x":9,"y":2},
{"id":15,"name":"Fake Tunnel 2","note":"","pages":[{"conditions":{"actorId":1,"actorValid":false,"itemId":1,"itemValid":false,"selfSwitchCh":"A","selfSwitchValid":false,"switch1Id":1,"switch1Valid":false,"switch2Id":1,"switch2Valid":false,"variableId":1,"variableValid":false,"variableValue":0},"directionFix":false,"image":{"tileId":146,"characterName":"","characterIndex":0,"direction":2,"pattern":0},"list":[{"code":0,"indent":0,"parameters":[]}],"moveFrequency":3,"moveRoute":{"list":[{"code":0,"parameters":[]}],"repeat":true,"skippable":false,"wait":false},"moveSpeed":3,"moveType":0,"priorityType":0,"stepAnime":false,"through":false,"trigger":0,"walkAnime":true}],"x":15,"y":2},
{"id":16,"name":"Fake Gobber 2","note":"","pages":[{"conditions":{"actorId":1,"actorValid":false,"itemId":1,"itemValid":false,"selfSwitchCh":"A","selfSwitchValid":false,"switch1Id":1,"switch1Valid":false,"switch2Id":1,"switch2Valid":false,"variableId":1,"variableValid":false,"variableValue":0},"directionFix":false,"image":{"tileId":0,"characterName":"!Gobber-gobber_sheet","direction":2,"pattern":0,"characterIndex":0},"list":[{"code":0,"indent":0,"parameters":[]}],"moveFrequency":5,"moveRoute":{"list":[{"code":15,"parameters":[60],"indent":null},{"code":4,"indent":null},{"code":42,"parameters":[120],"indent":null},{"code":15,"parameters":[5],"indent":null},{"code":42,"parameters":[40],"indent":null},{"code":15,"parameters":[5],"indent":null},{"code":42,"parameters":[0],"indent":null},{"code":29,"parameters":[5],"indent":null},{"code":41,"parameters":["!GobPipe-sheet",0],"indent":null},{"code":4,"indent":null},{"code":42,"parameters":[255],"indent":null},{"code":3,"indent":null},{"code":3,"indent":null},{"code":1,"indent":null},{"code":1,"indent":null},{"code":3,"indent":null},{"code":3,"indent":null},{"code":4,"indent":null},{"code":4,"indent":null},{"code":3,"indent":null},{"code":3,"indent":null},{"code":42,"parameters":[0],"indent":null},{"code":29,"parameters":[4],"indent":null},{"code":41,"parameters":["!Gobber-gobber_sheet",0],"indent":null},{"code":1,"indent":null},{"code":42,"parameters":[40],"indent":null},{"code":15,"parameters":[5],"indent":null},{"code":42,"parameters":[120],"indent":null},{"code":15,"parameters":[5],"indent":null},{"code":42,"parameters":[255],"indent":null},{"code":1,"indent":null},{"code":15,"parameters":[60],"indent":null},{"code":29,"parameters":[3],"indent":0},{"code":15,"parameters":[60],"indent":null},{"code":4,"indent":null},{"code":42,"parameters":[120],"indent":null},{"code":15,"parameters":[5],"indent":null},{"code":42,"parameters":[40],"indent":null},{"code":15,"parameters":[5],"indent":null},{"code":42,"parameters":[0],"indent":null},{"code":29,"parameters":[5],"indent":null},{"code":41,"parameters":["!GobPipe-sheet",0],"indent":null},{"code":4,"indent":null},{"code":42,"parameters":[255],"indent":null},{"code":2,"indent":null},{"code":2,"indent":null},{"code":1,"indent":null},{"code":1,"indent":null},{"code":2,"indent":null},{"code":2,"indent":null},{"code":4,"indent":null},{"code":4,"indent":null},{"code":2,"indent":null},{"code":2,"indent":null},{"code":42,"parameters":[0],"indent":null},{"code":29,"parameters":[4],"indent":null},{"code":41,"parameters":["!Gobber-gobber_sheet",0],"indent":null},{"code":1,"indent":null},{"code":42,"parameters":[40],"indent":null},{"code":15,"parameters":[5],"indent":null},{"code":42,"parameters":[120],"indent":null},{"code":15,"parameters":[5],"indent":null},{"code":42,"parameters":[255],"indent":null},{"code":1,"indent":null},{"code":15,"parameters":[60],"indent":null},{"code":0,"parameters":[]}],"repeat":true,"skippable":false,"wait":false},"moveSpeed":3,"moveType":3,"priorityType":1,"stepAnime":false,"through":true,"trigger":0,"walkAnime":true}],"x":9,"y":3}
]
}