[
null,
{"id":1,"expanded":false,"name":"Proto Map-1","order":1,"parentId":0,"scrollX":903.2,"scrollY":799.2},
{"id":2,"expanded":false,"name":"Gold collection","order":2,"parentId":1,"scrollX":1005.3333333333334,"scrollY":640.8888888888889},
{"id":3,"expanded":true,"name":"VS 1 test","order":3,"parentId":2,"scrollX":1012.4444444444445,"scrollY":569.7777777777778},
{"id":4,"expanded":true,"name":"Vertical Slice","order":4,"parentId":0,"scrollX":911.2,"scrollY":506.4},
{"id":5,"expanded":false,"name":"Death Screen VS Lvl 2","order":5,"parentId":4,"scrollX":909.6,"scrollY":501.6},
{"id":6,"expanded":true,"name":"Level 1","order":6,"parentId":0,"scrollX":911.2,"scrollY":506.4},
{"id":7,"expanded":false,"name":"Death Screen","order":10,"parentId":0,"scrollX":909.6,"scrollY":501.6},
{"id":8,"expanded":false,"name":"Level 2","order":7,"parentId":6,"scrollX":911.2,"scrollY":506.4},
{"id":9,"expanded":true,"name":"Level 3","order":8,"parentId":6,"scrollX":1139,"scrollY":641},
{"id":10,"expanded":false,"name":"Level 4","order":9,"parentId":6,"scrollX":904.8,"scrollY":640.8}
]