[
null,
{"id":1,"expanded":false,"name":"Proto Map-1","order":1,"parentId":0,"scrollX":791.2,"scrollY":362.4},
{"id":2,"expanded":false,"name":"Gold collection","order":2,"parentId":1,"scrollX":811,"scrollY":641},
{"id":3,"expanded":true,"name":"VS 1 test","order":3,"parentId":2,"scrollX":1012.4444444444445,"scrollY":569.7777777777778},
{"id":4,"expanded":true,"name":"Vertical Slice","order":4,"parentId":0,"scrollX":811,"scrollY":507},
{"id":5,"expanded":false,"name":"Death Screen VS Lvl 2","order":5,"parentId":4,"scrollX":655.2,"scrollY":368.8},
{"id":6,"expanded":true,"name":"Level 1","order":6,"parentId":0,"scrollX":459,"scrollY":341},
{"id":7,"expanded":false,"name":"Death Screen","order":13,"parentId":0,"scrollX":911.2,"scrollY":506.4},
{"id":8,"expanded":true,"name":"Level 3","order":8,"parentId":6,"scrollX":459,"scrollY":341},
{"id":9,"expanded":true,"name":"Level 4","order":9,"parentId":6,"scrollX":1229,"scrollY":502},
{"id":10,"expanded":false,"name":"Level 5","order":10,"parentId":6,"scrollX":451,"scrollY":342},
{"id":11,"expanded":false,"name":"Level 2","order":7,"parentId":6,"scrollX":451,"scrollY":399},
{"id":12,"expanded":false,"name":"Level 6","order":11,"parentId":6,"scrollX":791,"scrollY":923},
{"id":13,"expanded":false,"name":"Level 7","order":12,"parentId":6,"scrollX":451,"scrollY":559},
{"id":14,"expanded":false,"name":"Opening Cutscene","order":14,"parentId":0,"scrollX":1024.8,"scrollY":362.4}
]