{
  "Gobber": {
    "name": "Gobber",
    "cols": 24,
    "rows": 8,
    "anchorX": 0.5,
    "anchorY": 1,
    "sampleImg": "D:\\Games\\CMPUT 250\\Gobber's Hoard\\CurrentBuild\\img\\characters\\!Gobber-gobber_sheet.png",
    "poses": {
      "idle1": {
        "name": "idle1",
        "speed": 7,
        "adjust": false,
        "pattern": [
          24,
          25,
          26,
          27,
          28,
          29
        ]
      },
      "idle2": {
        "name": "idle2",
        "speed": 7,
        "adjust": false,
        "pattern": [
          0,
          1,
          2,
          3,
          4,
          5
        ]
      },
      "idle3": {
        "name": "idle3",
        "speed": 7,
        "adjust": false,
        "pattern": [
          96,
          97,
          98,
          99,
          100,
          101
        ]
      },
      "idle4": {
        "name": "idle4",
        "speed": 7,
        "adjust": false,
        "pattern": [
          24,
          25,
          26,
          27,
          28,
          29
        ]
      },
      "idle6": {
        "name": "idle6",
        "speed": 7,
        "adjust": false,
        "pattern": [
          48,
          49,
          50,
          51,
          52,
          53
        ]
      },
      "idle7": {
        "name": "idle7",
        "speed": 7,
        "adjust": false,
        "pattern": [
          24,
          25,
          26,
          27,
          28,
          29
        ]
      },
      "idle8": {
        "name": "idle8",
        "speed": 7,
        "adjust": false,
        "pattern": [
          72,
          73,
          74,
          75,
          76,
          77
        ]
      },
      "idle9": {
        "name": "idle9",
        "speed": 7,
        "adjust": false,
        "pattern": [
          144,
          145,
          146,
          147,
          148,
          149
        ]
      },
      "move1": {
        "name": "move1",
        "speed": 7,
        "adjust": false,
        "pattern": [
          35,
          34,
          33,
          32,
          31,
          30
        ]
      },
      "move2": {
        "name": "move2",
        "speed": 7,
        "adjust": false,
        "pattern": [
          6,
          7,
          8,
          9,
          10,
          11
        ]
      },
      "move3": {
        "name": "move3",
        "speed": 7,
        "adjust": false,
        "pattern": [
          102,
          103,
          104,
          105,
          106,
          107
        ]
      },
      "move4": {
        "name": "move4",
        "speed": 7,
        "adjust": false,
        "pattern": [
          35,
          34,
          33,
          32,
          31,
          30
        ]
      },
      "move6": {
        "name": "move6",
        "speed": 7,
        "adjust": false,
        "pattern": [
          54,
          55,
          56,
          57,
          58,
          59
        ]
      },
      "move7": {
        "name": "move7",
        "speed": 7,
        "adjust": false,
        "pattern": [
          35,
          34,
          33,
          32,
          31,
          30
        ]
      },
      "move8": {
        "name": "move8",
        "speed": 7,
        "adjust": false,
        "pattern": [
          78,
          79,
          80,
          81,
          82,
          83
        ]
      },
      "move9": {
        "name": "move9",
        "speed": 7,
        "adjust": false,
        "pattern": [
          150,
          151,
          152,
          153,
          154,
          155
        ]
      }
    }
  },
  "Gobber_Key": {
    "name": "Gobber_Key",
    "cols": 24,
    "rows": 8,
    "anchorX": 0.5,
    "anchorY": 1,
    "sampleImg": "D:\\Games\\CMPUT 250\\Gobber's Hoard\\CurrentBuild\\img\\characters\\!Gobber_Key-gobber_sheet.png",
    "poses": {
      "idle1": {
        "name": "idle1",
        "speed": 7,
        "adjust": false,
        "pattern": [
          24,
          25,
          26,
          27,
          28,
          29
        ]
      },
      "idle2": {
        "name": "idle2",
        "speed": 7,
        "adjust": false,
        "pattern": [
          0,
          1,
          2,
          3,
          4,
          5
        ]
      },
      "idle3": {
        "name": "idle3",
        "speed": 7,
        "adjust": false,
        "pattern": [
          96,
          97,
          98,
          99,
          100,
          101
        ]
      },
      "idle4": {
        "name": "idle4",
        "speed": 7,
        "adjust": false,
        "pattern": [
          24,
          25,
          26,
          27,
          28,
          29
        ]
      },
      "idle6": {
        "name": "idle6",
        "speed": 7,
        "adjust": false,
        "pattern": [
          48,
          49,
          50,
          51,
          52,
          53
        ]
      },
      "idle7": {
        "name": "idle7",
        "speed": 7,
        "adjust": false,
        "pattern": [
          24,
          25,
          26,
          27,
          28,
          29
        ]
      },
      "idle8": {
        "name": "idle8",
        "speed": 7,
        "adjust": false,
        "pattern": [
          72,
          73,
          74,
          75,
          76,
          77
        ]
      },
      "idle9": {
        "name": "idle9",
        "speed": 7,
        "adjust": false,
        "pattern": [
          144,
          145,
          146,
          147,
          148,
          149
        ]
      },
      "move1": {
        "name": "move1",
        "speed": 7,
        "adjust": false,
        "pattern": [
          35,
          34,
          33,
          32,
          31,
          30
        ]
      },
      "move2": {
        "name": "move2",
        "speed": 7,
        "adjust": false,
        "pattern": [
          6,
          7,
          8,
          9,
          10,
          11
        ]
      },
      "move3": {
        "name": "move3",
        "speed": 7,
        "adjust": false,
        "pattern": [
          102,
          103,
          104,
          105,
          106,
          107
        ]
      },
      "move4": {
        "name": "move4",
        "speed": 7,
        "adjust": false,
        "pattern": [
          35,
          34,
          33,
          32,
          31,
          30
        ]
      },
      "move6": {
        "name": "move6",
        "speed": 7,
        "adjust": false,
        "pattern": [
          54,
          55,
          56,
          57,
          58,
          59
        ]
      },
      "move7": {
        "name": "move7",
        "speed": 7,
        "adjust": false,
        "pattern": [
          35,
          34,
          33,
          32,
          31,
          30
        ]
      },
      "move8": {
        "name": "move8",
        "speed": 7,
        "adjust": false,
        "pattern": [
          78,
          79,
          80,
          81,
          82,
          83
        ]
      },
      "move9": {
        "name": "move9",
        "speed": 7,
        "adjust": false,
        "pattern": [
          150,
          151,
          152,
          153,
          154,
          155
        ]
      }
    }
  },
  "Guard": {
    "name": "Guard",
    "cols": 24,
    "rows": 8,
    "anchorX": 0.5,
    "anchorY": 1,
    "sampleImg": "D:\\Games\\CMPUT 250\\Gobber's Hoard\\TestBuild\\CurrentBuild\\img\\characters\\!Guard-guard_sheet.png",
    "poses": {
      "idle1": {
        "name": "idle1",
        "speed": 7,
        "adjust": false,
        "pattern": [
          24,
          25,
          26,
          27,
          28,
          29
        ]
      },
      "idle2": {
        "name": "idle2",
        "speed": 7,
        "adjust": false,
        "pattern": [
          0,
          1,
          2,
          3,
          4,
          5
        ]
      },
      "idle3": {
        "name": "idle3",
        "speed": 7,
        "adjust": false,
        "pattern": [
          96,
          97,
          98,
          99,
          100,
          101
        ]
      },
      "idle4": {
        "name": "idle4",
        "speed": 7,
        "adjust": false,
        "pattern": [
          24,
          25,
          26,
          27,
          28,
          29
        ]
      },
      "idle6": {
        "name": "idle6",
        "speed": 7,
        "adjust": false,
        "pattern": [
          48,
          49,
          50,
          51,
          52,
          53
        ]
      },
      "idle7": {
        "name": "idle7",
        "speed": 7,
        "adjust": false,
        "pattern": [
          24,
          25,
          26,
          27,
          28,
          29
        ]
      },
      "idle8": {
        "name": "idle8",
        "speed": 7,
        "adjust": false,
        "pattern": [
          72,
          73,
          74,
          75,
          76,
          77
        ]
      },
      "idle9": {
        "name": "idle9",
        "speed": 7,
        "adjust": false,
        "pattern": [
          144,
          145,
          146,
          147,
          148,
          149
        ]
      },
      "move1": {
        "name": "move1",
        "speed": 7,
        "adjust": false,
        "pattern": [
          35,
          34,
          33,
          32,
          31,
          30
        ]
      },
      "move2": {
        "name": "move2",
        "speed": 7,
        "adjust": false,
        "pattern": [
          6,
          7,
          8,
          9,
          10,
          11
        ]
      },
      "move3": {
        "name": "move3",
        "speed": 7,
        "adjust": false,
        "pattern": [
          102,
          103,
          104,
          105,
          106,
          107
        ]
      },
      "move4": {
        "name": "move4",
        "speed": 7,
        "adjust": false,
        "pattern": [
          35,
          34,
          33,
          32,
          31,
          30
        ]
      },
      "move6": {
        "name": "move6",
        "speed": 7,
        "adjust": false,
        "pattern": [
          54,
          55,
          56,
          57,
          58,
          59
        ]
      },
      "move7": {
        "name": "move7",
        "speed": 7,
        "adjust": false,
        "pattern": [
          35,
          34,
          33,
          32,
          31,
          30
        ]
      },
      "move8": {
        "name": "move8",
        "speed": 7,
        "adjust": false,
        "pattern": [
          78,
          79,
          80,
          81,
          82,
          83
        ]
      },
      "move9": {
        "name": "move9",
        "speed": 7,
        "adjust": false,
        "pattern": [
          150,
          151,
          152,
          153,
          154,
          155
        ]
      },
      "atk1": {
        "name": "atk1",
        "speed": 5,
        "adjust": false,
        "pattern": [
          42,
          43,
          44,
          45,
          46,
          47
        ]
      },
      "atk2": {
        "name": "atk2",
        "speed": 5,
        "adjust": false,
        "pattern": [
          18,
          19,
          20,
          21,
          22,
          23
        ]
      },
      "atk3": {
        "name": "atk3",
        "speed": 5,
        "adjust": false,
        "pattern": [
          66,
          67,
          68,
          69,
          70,
          71
        ]
      },
      "atk4": {
        "name": "atk4",
        "speed": 5,
        "adjust": false,
        "pattern": [
          42,
          43,
          44,
          45,
          46,
          47
        ]
      },
      "atk6": {
        "name": "atk6",
        "speed": 5,
        "adjust": false,
        "pattern": [
          66,
          67,
          68,
          69,
          70,
          71
        ]
      },
      "atk7": {
        "name": "atk7",
        "speed": 5,
        "adjust": false,
        "pattern": [
          42,
          43,
          44,
          45,
          46,
          47
        ]
      },
      "atk8": {
        "name": "atk8",
        "speed": 5,
        "adjust": false,
        "pattern": [
          90,
          91,
          92,
          93,
          94,
          95
        ]
      },
      "atk9": {
        "name": "atk9",
        "speed": 5,
        "adjust": false,
        "pattern": [
          66,
          67,
          68,
          69,
          70,
          71
        ]
      },
      "stun1": {
        "name": "stun1",
        "speed": 7,
        "adjust": false,
        "pattern": [
          36,
          37,
          38,
          39,
          40,
          41
        ]
      },
      "stun2": {
        "name": "stun2",
        "speed": 7,
        "adjust": false,
        "pattern": [
          12,
          13,
          14,
          15,
          16,
          17
        ]
      },
      "stun3": {
        "name": "stun3",
        "speed": 7,
        "adjust": false,
        "pattern": [
          60,
          61,
          62,
          63,
          64,
          65
        ]
      },
      "stun4": {
        "name": "stun4",
        "speed": 7,
        "adjust": false,
        "pattern": [
          36,
          37,
          38,
          39,
          40,
          41
        ]
      },
      "stun6": {
        "name": "stun6",
        "speed": 7,
        "adjust": false,
        "pattern": [
          60,
          61,
          62,
          63,
          64,
          65
        ]
      },
      "stun7": {
        "name": "stun7",
        "speed": 7,
        "adjust": false,
        "pattern": [
          36,
          37,
          38,
          39,
          40,
          41
        ]
      },
      "stun8": {
        "name": "stun8",
        "speed": 7,
        "adjust": false,
        "pattern": [
          84,
          85,
          86,
          87,
          88,
          89
        ]
      },
      "stun9": {
        "name": "stun9",
        "speed": 7,
        "adjust": false,
        "pattern": [
          60,
          61,
          62,
          63,
          64,
          65
        ]
      }
    }
  },
  "Shiny_Chest": {
    "name": "Shiny_Chest",
    "cols": 12,
    "rows": 8,
    "anchorX": 0.5,
    "anchorY": 1,
    "sampleImg": "D:\\Games\\CMPUT 250\\Gobber's Hoard\\CurrentBuild\\img\\characters\\!Shiny_Chest.png",
    "poses": {
      "idle": {
        "name": "idle",
        "speed": 7,
        "adjust": false,
        "pattern": [
          0,
          1,
          2,
          3,
          4,
          5,
          6,
          7
        ]
      }
    }
  },
  "Torch": {
    "name": "Torch",
    "cols": 24,
    "rows": 8,
    "anchorX": 0.5,
    "anchorY": 1,
    "sampleImg": "D:\\Games\\CMPUT 250\\Gobber's Hoard\\CurrentBuild\\img\\characters\\!Torch-flicker.png",
    "poses": {
      "idle2": {
        "name": "idle2",
        "speed": 10,
        "adjust": false,
        "pattern": [
          0,
          1,
          2,
          3,
          4,
          5
        ]
      }
    }
  },
  "Key": {
    "name": "Key",
    "cols": 24,
    "rows": 8,
    "anchorX": 0.5,
    "anchorY": 1,
    "sampleImg": "D:\\Games\\CMPUT 250\\Gobber's Hoard\\CurrentBuild\\img\\characters\\!Key-float.png",
    "poses": {
      "idle2": {
        "name": "idle2",
        "speed": 7,
        "adjust": false,
        "pattern": [
          0,
          1,
          2,
          3,
          4,
          5,
          6,
          7
        ]
      }
    }
  },
  "Door": {
    "name": "Door",
    "cols": 24,
    "rows": 8,
    "anchorX": 0.5,
    "anchorY": 1,
    "sampleImg": "D:\\Games\\CMPUT 250\\Gobber's Hoard\\TestBuild\\CurrentBuild\\img\\characters\\!Door-locked.png",
    "poses": {
      "idle2": {
        "name": "idle2",
        "speed": 7,
        "adjust": false,
        "pattern": [
          0,
          1,
          2,
          3,
          4,
          5
        ]
      },
      "unlock": {
        "name": "unlock",
        "speed": 7,
        "adjust": false,
        "pattern": [
          24,
          25,
          26,
          27,
          28,
          29,
          30,
          31,
          32,
          33,
          34,
          35,
          36,
          37,
          38
        ]
      },
      "shut": {
        "name": "shut",
        "speed": 7,
        "adjust": false,
        "pattern": [
          57,
          56,
          55,
          54,
          53,
          52,
          51,
          50,
          49,
          48
        ]
      },
      "idle6": {
        "name": "idle6",
        "speed": 10,
        "adjust": false,
        "pattern": [
          48
        ]
      }
    }
  },
  "Sword": {
    "name": "Sword",
    "cols": 24,
    "rows": 8,
    "anchorX": 0.5,
    "anchorY": 1,
    "sampleImg": "D:\\Games\\CMPUT 250\\Gobber's Hoard\\CurrentBuild\\img\\characters\\!Sword-swing.png",
    "poses": {
      "swing": {
        "name": "swing",
        "speed": 10,
        "adjust": false,
        "pattern": [
          0,
          1,
          2,
          3,
          4,
          5
        ]
      }
    }
  },
  "GobPipe": {
    "name": "GobPipe",
    "cols": 3,
    "rows": 2,
    "anchorX": 0.5,
    "anchorY": 1,
    "sampleImg": "D:\\Games\\CMPUT 250\\Gobber's Hoard\\TestBuild\\CurrentBuild\\img\\characters\\!GobPipe-sheet.png",
    "poses": {
      "move2": {
        "name": "move2",
        "speed": 7,
        "adjust": false,
        "pattern": [
          0,
          1,
          2,
          0,
          1,
          2
        ]
      },
      "move4": {
        "name": "move4",
        "speed": 7,
        "adjust": false,
        "pattern": [
          3,
          4,
          5,
          3,
          4,
          5
        ]
      },
      "move6": {
        "name": "move6",
        "speed": 7,
        "adjust": false,
        "pattern": [
          3,
          4,
          5,
          3,
          4,
          5
        ]
      },
      "move8": {
        "name": "move8",
        "speed": 7,
        "adjust": false,
        "pattern": [
          0,
          1,
          2,
          0,
          1,
          2
        ]
      }
    }
  },
  "Items2": {
    "name": "Items2",
    "cols": 12,
    "rows": 8,
    "anchorX": 0.5,
    "anchorY": 1,
    "sampleImg": "D:\\Games\\CMPUT 250\\Gobber's Hoard\\TestBuild\\CurrentBuild\\img\\characters\\!Items2-.png",
    "poses": {
      "idle2": {
        "name": "idle2",
        "speed": 7,
        "adjust": false,
        "pattern": [
          48,
          49,
          50,
          51,
          52,
          53,
          54,
          55
        ]
      },
      "idle3": {
        "name": "idle3",
        "speed": 7,
        "adjust": false,
        "pattern": [
          0,
          0,
          1,
          2,
          3,
          4,
          5,
          6
        ]
      },
      "idle4": {
        "name": "idle4",
        "speed": 7,
        "adjust": false,
        "pattern": [
          12,
          12,
          13,
          14,
          15,
          16,
          17,
          18
        ]
      },
      "idle6": {
        "name": "idle6",
        "speed": 7,
        "adjust": false,
        "pattern": [
          24,
          25,
          26,
          27,
          28,
          29,
          30,
          31
        ]
      },
      "idle8": {
        "name": "idle8",
        "speed": 7,
        "adjust": false,
        "pattern": [
          36,
          37,
          38,
          39,
          40,
          41,
          42,
          43
        ]
      }
    }
  },
  "Bottle": {
    "name": "Bottle",
    "cols": 12,
    "rows": 8,
    "anchorX": 0.5,
    "anchorY": 1,
    "sampleImg": "D:\\Games\\CMPUT 250\\Gobber's Hoard\\TestBuild\\CurrentBuild\\img\\characters\\!Bottle-break.png",
    "poses": {
      "idle2": {
        "name": "idle2",
        "speed": 7,
        "adjust": false,
        "pattern": [
          0,
          0,
          0,
          0
        ]
      },
      "stun2": {
        "name": "stun2",
        "speed": 7,
        "adjust": false,
        "pattern": [
          12,
          13,
          14,
          14
        ]
      },
      "idle4": {
        "name": "idle4",
        "speed": 7,
        "adjust": false,
        "pattern": [
          14,
          14,
          14,
          14
        ]
      }
    }
  },
  "FakeGobber": {
    "name": "FakeGobber",
    "cols": 24,
    "rows": 8,
    "anchorX": 0.5,
    "anchorY": 1,
    "sampleImg": "D:\\Games\\CMPUT 250\\Gobber's Hoard\\TestBuild\\CurrentBuild\\img\\characters\\!FakeGobber-sheet.png",
    "poses": {
      "idle1": {
        "name": "idle1",
        "speed": 7,
        "adjust": false,
        "pattern": [
          24,
          25,
          26,
          27,
          28,
          29
        ]
      },
      "idle2": {
        "name": "idle2",
        "speed": 7,
        "adjust": false,
        "pattern": [
          0,
          1,
          2,
          3,
          4,
          5
        ]
      },
      "idle3": {
        "name": "idle3",
        "speed": 7,
        "adjust": false,
        "pattern": [
          96,
          97,
          98,
          99,
          100,
          101
        ]
      },
      "idle4": {
        "name": "idle4",
        "speed": 7,
        "adjust": false,
        "pattern": [
          24,
          25,
          26,
          27,
          28,
          29
        ]
      },
      "idle6": {
        "name": "idle6",
        "speed": 7,
        "adjust": false,
        "pattern": [
          48,
          49,
          50,
          51,
          52,
          53
        ]
      },
      "idle7": {
        "name": "idle7",
        "speed": 7,
        "adjust": false,
        "pattern": [
          24,
          25,
          26,
          27,
          28,
          29
        ]
      },
      "idle8": {
        "name": "idle8",
        "speed": 7,
        "adjust": false,
        "pattern": [
          72,
          73,
          74,
          75,
          76,
          77
        ]
      },
      "idle9": {
        "name": "idle9",
        "speed": 7,
        "adjust": false,
        "pattern": [
          144,
          145,
          146,
          147,
          148,
          149
        ]
      },
      "move1": {
        "name": "move1",
        "speed": 7,
        "adjust": false,
        "pattern": [
          35,
          34,
          33,
          32,
          31,
          30
        ]
      },
      "move2": {
        "name": "move2",
        "speed": 7,
        "adjust": false,
        "pattern": [
          6,
          7,
          8,
          9,
          10,
          11
        ]
      },
      "move3": {
        "name": "move3",
        "speed": 7,
        "adjust": false,
        "pattern": [
          102,
          103,
          104,
          105,
          106,
          107
        ]
      },
      "move4": {
        "name": "move4",
        "speed": 7,
        "adjust": false,
        "pattern": [
          35,
          34,
          33,
          32,
          31,
          30
        ]
      },
      "move6": {
        "name": "move6",
        "speed": 7,
        "adjust": false,
        "pattern": [
          54,
          55,
          56,
          57,
          58,
          59
        ]
      },
      "move7": {
        "name": "move7",
        "speed": 7,
        "adjust": false,
        "pattern": [
          35,
          34,
          33,
          32,
          31,
          30
        ]
      },
      "move8": {
        "name": "move8",
        "speed": 7,
        "adjust": false,
        "pattern": [
          78,
          79,
          80,
          81,
          82,
          83
        ]
      },
      "move9": {
        "name": "move9",
        "speed": 7,
        "adjust": false,
        "pattern": [
          150,
          151,
          152,
          153,
          154,
          155
        ]
      }
    }
  }
}