[
null,
{"id":1,"animationId":-1,"damage":{"critical":true,"elementId":-1,"formula":"a.atk","type":0,"variance":0},"description":"","effects":[],"hitType":1,"iconIndex":74,"message1":"","message2":"","mpCost":0,"name":"Slingshot","note":"<absSettings>\ncooldown: 40\n</absSettings>\n<absSequence>\nse Slingshot 90 100 0\nuser forceSkill 2\n</absSequence>","occasion":1,"repeats":1,"requiredWtypeId1":0,"requiredWtypeId2":0,"scope":1,"speed":0,"stypeId":0,"successRate":100,"tpCost":0,"tpGain":10},
{"id":2,"animationId":0,"damage":{"critical":true,"elementId":1,"formula":"a.atk","type":1,"variance":0},"description":"","effects":[{"code":21,"dataId":3,"value1":1,"value2":0}],"hitType":1,"iconIndex":163,"message1":"","message2":"","mpCost":0,"name":"Pebble","note":"<absSettings>\ncollider: box, 12, 36\nthrough: 2\nthroughTerrain: 2\n</absSettings>\n<absSequence>\npicture pebble true 8\nmove forward 400 30\n</absSequence>\n<absOnDamage>\ntarget jump away 35\ntarget pose stun\n</absOnDamage>","occasion":0,"repeats":1,"requiredWtypeId1":0,"requiredWtypeId2":0,"scope":1,"speed":0,"stypeId":0,"successRate":100,"tpCost":0,"tpGain":10},
{"id":3,"animationId":0,"damage":{"critical":false,"elementId":0,"formula":"0","type":0,"variance":20},"description":"","effects":[],"hitType":0,"iconIndex":82,"message1":"","message2":"","mpCost":0,"name":"Dash","note":"<absSettings>\ncooldown: 40\n</absSettings>\n<absSequence>\nuser speed inc 3\nwait 1\nuser move forward 90\nanimation 121\nwait 1\nuser speed dec 3\n</absSequence>","occasion":0,"repeats":1,"requiredWtypeId1":0,"requiredWtypeId2":0,"scope":11,"speed":0,"stypeId":0,"successRate":100,"tpCost":0,"tpGain":0},
{"id":4,"animationId":0,"damage":{"critical":true,"elementId":1,"formula":"","type":1,"variance":0},"description":"","effects":[{"code":44,"dataId":18,"value1":1,"value2":0}],"hitType":1,"iconIndex":76,"message1":"","message2":"","mpCost":0,"name":"Sword Attack","note":"<absSettings>\ncollider: box, 36, 24\ninfront: true\nrotate: true\ncooldown: 40\n</absSettings>\n<absSequence>\nuser lock\nuser pose atk\nse SwordAttack 90 100 0\nwait 3\ntrigger\nwait 18\n</absSequence>\n<absOnDamage>\nse SwordHit 90 100 \nwait 100\n</absOnDamage>","occasion":0,"repeats":1,"requiredWtypeId1":0,"requiredWtypeId2":0,"scope":1,"speed":0,"stypeId":2,"successRate":100,"tpCost":0,"tpGain":0},
{"id":5,"animationId":0,"damage":{"critical":false,"elementId":0,"formula":"0","type":0,"variance":20},"description":"","effects":[{"code":44,"dataId":18,"value1":1,"value2":0}],"hitType":0,"iconIndex":77,"message1":"","message2":"","mpCost":0,"name":"Kill","note":"","occasion":0,"repeats":1,"requiredWtypeId1":0,"requiredWtypeId2":0,"scope":1,"speed":0,"stypeId":2,"successRate":100,"tpCost":0,"tpGain":0},
{"id":6,"animationId":0,"damage":{"critical":false,"elementId":0,"formula":"0","type":0,"variance":20},"description":"","effects":[],"hitType":0,"iconIndex":0,"message1":"","message2":"","mpCost":0,"name":"","note":"","occasion":0,"repeats":1,"requiredWtypeId1":0,"requiredWtypeId2":0,"scope":1,"speed":0,"stypeId":2,"successRate":100,"tpCost":0,"tpGain":0},
{"id":7,"animationId":0,"damage":{"critical":false,"elementId":0,"formula":"0","type":0,"variance":20},"description":"","effects":[],"hitType":0,"iconIndex":161,"message1":"","message2":"","mpCost":0,"name":"Vanish","note":"","occasion":0,"repeats":1,"requiredWtypeId1":0,"requiredWtypeId2":0,"scope":1,"speed":0,"stypeId":1,"successRate":100,"tpCost":0,"tpGain":0},
{"id":8,"animationId":0,"damage":{"critical":false,"elementId":0,"formula":"0","type":0,"variance":20},"description":"","effects":[],"hitType":0,"iconIndex":6,"message1":"","message2":"","mpCost":0,"name":"Stunned","note":"<absSequence>\nuser lock\nanimation 125\nwait 100\nuser unlock\n</absSequence>","occasion":3,"repeats":1,"requiredWtypeId1":0,"requiredWtypeId2":0,"scope":7,"speed":0,"stypeId":2,"successRate":100,"tpCost":0,"tpGain":0},
{"id":9,"animationId":0,"damage":{"critical":false,"elementId":0,"formula":"0","type":0,"variance":20},"description":"","effects":[],"hitType":0,"iconIndex":0,"message1":"","message2":"","mpCost":0,"name":"","note":"","occasion":0,"repeats":1,"requiredWtypeId1":0,"requiredWtypeId2":0,"scope":1,"speed":0,"stypeId":1,"successRate":100,"tpCost":0,"tpGain":0},
{"id":10,"animationId":0,"damage":{"critical":false,"elementId":0,"formula":"0","type":0,"variance":20},"description":"","effects":[],"hitType":0,"iconIndex":0,"message1":"","message2":"","mpCost":0,"name":"","note":"","occasion":0,"repeats":1,"requiredWtypeId1":0,"requiredWtypeId2":0,"scope":1,"speed":0,"stypeId":1,"successRate":100,"tpCost":0,"tpGain":0}
]