[
null,
{"id":1,"list":[{"code":122,"indent":0,"parameters":[1,1,0,3,5,-1,0]},{"code":122,"indent":0,"parameters":[2,2,0,3,5,-1,1]},{"code":285,"indent":0,"parameters":[3,6,1,1,2]},{"code":0,"indent":0,"parameters":[]}],"name":"Getting region id","switchId":3,"trigger":0},
{"id":2,"list":[{"code":117,"indent":0,"parameters":[1]},{"code":111,"indent":0,"parameters":[1,3,0,1,1]},{"code":356,"indent":1,"parameters":["StealthMode On"]},{"code":0,"indent":1,"parameters":[]},{"code":411,"indent":0,"parameters":[]},{"code":356,"indent":1,"parameters":["StealthMode Off"]},{"code":0,"indent":1,"parameters":[]},{"code":412,"indent":0,"parameters":[]},{"code":0,"indent":0,"parameters":[]}],"name":"detect stealth areas","switchId":3,"trigger":2},
{"id":3,"list":[{"code":250,"indent":0,"parameters":[{"name":"Coin","volume":15,"pitch":50,"pan":0}]},{"code":125,"indent":0,"parameters":[0,0,1000]},{"code":123,"indent":0,"parameters":["A",0]},{"code":0,"indent":0,"parameters":[]}],"name":"Excellent Treasure","switchId":5,"trigger":0},
{"id":4,"list":[{"code":250,"indent":0,"parameters":[{"name":"Coin","volume":15,"pitch":60,"pan":0}]},{"code":125,"indent":0,"parameters":[0,0,500]},{"code":123,"indent":0,"parameters":["A",0]},{"code":0,"indent":0,"parameters":[]}],"name":"Great Treasure","switchId":6,"trigger":0},
{"id":5,"list":[{"code":250,"indent":0,"parameters":[{"name":"Coin","volume":15,"pitch":70,"pan":0}]},{"code":125,"indent":0,"parameters":[0,0,250]},{"code":123,"indent":0,"parameters":["A",0]},{"code":0,"indent":0,"parameters":[]}],"name":"Good Treasure","switchId":1,"trigger":0},
{"id":6,"list":[{"code":250,"indent":0,"parameters":[{"name":"Coin","volume":15,"pitch":80,"pan":0}]},{"code":125,"indent":0,"parameters":[0,0,50]},{"code":123,"indent":0,"parameters":["A",0]},{"code":0,"indent":0,"parameters":[]}],"name":"Poor Treasure","switchId":8,"trigger":0},
{"id":7,"list":[{"code":111,"indent":0,"parameters":[1,5,0,2,2]},{"code":122,"indent":1,"parameters":[5,5,1,0,1]},{"code":123,"indent":1,"parameters":["A",0]},{"code":0,"indent":1,"parameters":[]},{"code":411,"indent":0,"parameters":[]},{"code":213,"indent":1,"parameters":[-1,6,false]},{"code":0,"indent":1,"parameters":[]},{"code":412,"indent":0,"parameters":[]},{"code":0,"indent":0,"parameters":[]}],"name":"Aquire Ammo","switchId":1,"trigger":0},
{"id":8,"list":[{"code":111,"indent":0,"parameters":[0,10,0]},{"code":111,"indent":1,"parameters":[11,"shift"]},{"code":356,"indent":2,"parameters":["EnableDashing"]},{"code":122,"indent":2,"parameters":[6,6,0,0,100]},{"code":112,"indent":2,"parameters":[]},{"code":122,"indent":3,"parameters":[6,6,2,0,100]},{"code":230,"indent":3,"parameters":[30]},{"code":111,"indent":3,"parameters":[1,6,0,0,0]},{"code":121,"indent":4,"parameters":[10,10,1]},{"code":356,"indent":4,"parameters":["DisableDashing"]},{"code":113,"indent":4,"parameters":[]},{"code":0,"indent":4,"parameters":[]},{"code":412,"indent":3,"parameters":[]},{"code":0,"indent":3,"parameters":[]},{"code":413,"indent":2,"parameters":[]},{"code":112,"indent":2,"parameters":[]},{"code":122,"indent":3,"parameters":[6,6,1,0,20]},{"code":230,"indent":3,"parameters":[60]},{"code":111,"indent":3,"parameters":[1,6,0,100,0]},{"code":121,"indent":4,"parameters":[10,10,0]},{"code":113,"indent":4,"parameters":[]},{"code":0,"indent":4,"parameters":[]},{"code":412,"indent":3,"parameters":[]},{"code":0,"indent":3,"parameters":[]},{"code":413,"indent":2,"parameters":[]},{"code":0,"indent":2,"parameters":[]},{"code":412,"indent":1,"parameters":[]},{"code":0,"indent":1,"parameters":[]},{"code":412,"indent":0,"parameters":[]},{"code":0,"indent":0,"parameters":[]}],"name":"Dash Potion","switchId":3,"trigger":2},
{"id":9,"list":[{"code":121,"indent":0,"parameters":[10,10,0]},{"code":121,"indent":0,"parameters":[1,1,0]},{"code":0,"indent":0,"parameters":[]}],"name":"Turning on Speed/Stealth","switchId":1,"trigger":0},
{"id":10,"list":[{"code":356,"indent":0,"parameters":["DisableDashing"]},{"code":122,"indent":0,"parameters":[7,7,0,0,0]},{"code":122,"indent":0,"parameters":[6,6,0,0,0]},{"code":122,"indent":0,"parameters":[7,7,0,0,100]},{"code":122,"indent":0,"parameters":[6,6,0,0,100]},{"code":121,"indent":0,"parameters":[3,3,0]},{"code":108,"indent":0,"parameters":["Variables pertaining to the cape gauge"]},{"code":122,"indent":0,"parameters":[11,11,0,0,0]},{"code":122,"indent":0,"parameters":[10,10,0,0,0]},{"code":122,"indent":0,"parameters":[11,11,0,0,120]},{"code":122,"indent":0,"parameters":[10,10,0,0,120]},{"code":355,"indent":0,"parameters":["$gameSystem._undetectable = false;"]},{"code":223,"indent":0,"parameters":[[0,0,0,0],5,true]},{"code":117,"indent":0,"parameters":[9]},{"code":0,"indent":0,"parameters":[]}],"name":"Dash Variables","switchId":1,"trigger":0},
{"id":11,"list":[{"code":111,"indent":0,"parameters":[12,"TouchInput.isPressed()"]},{"code":355,"indent":1,"parameters":["Galv.PROJ.quickTar(1);\t"]},{"code":230,"indent":1,"parameters":[90]},{"code":0,"indent":1,"parameters":[]},{"code":412,"indent":0,"parameters":[]},{"code":0,"indent":0,"parameters":[]}],"name":"Slingshot","switchId":3,"trigger":2},
{"id":12,"list":[{"code":111,"indent":0,"parameters":[0,1,0]},{"code":111,"indent":1,"parameters":[11,"pagedown"]},{"code":122,"indent":2,"parameters":[11,11,0,0,120]},{"code":355,"indent":2,"parameters":["$gameSystem._undetectable = true;"]},{"code":223,"indent":2,"parameters":[[-68,-68,-68,0],5,true]},{"code":112,"indent":2,"parameters":[]},{"code":122,"indent":3,"parameters":[11,11,2,0,60]},{"code":230,"indent":3,"parameters":[60]},{"code":111,"indent":3,"parameters":[1,11,0,0,0]},{"code":113,"indent":4,"parameters":[]},{"code":0,"indent":4,"parameters":[]},{"code":412,"indent":3,"parameters":[]},{"code":0,"indent":3,"parameters":[]},{"code":413,"indent":2,"parameters":[]},{"code":355,"indent":2,"parameters":["$gameSystem._undetectable = false;"]},{"code":223,"indent":2,"parameters":[[0,0,0,0],5,true]},{"code":112,"indent":2,"parameters":[]},{"code":122,"indent":3,"parameters":[11,11,1,0,20]},{"code":230,"indent":3,"parameters":[60]},{"code":111,"indent":3,"parameters":[1,11,0,120,0]},{"code":113,"indent":4,"parameters":[]},{"code":0,"indent":4,"parameters":[]},{"code":412,"indent":3,"parameters":[]},{"code":0,"indent":3,"parameters":[]},{"code":413,"indent":2,"parameters":[]},{"code":0,"indent":2,"parameters":[]},{"code":412,"indent":1,"parameters":[]},{"code":0,"indent":1,"parameters":[]},{"code":412,"indent":0,"parameters":[]},{"code":0,"indent":0,"parameters":[]}],"name":"Stealth Cape","switchId":1,"trigger":2},
{"id":13,"list":[{"code":0,"indent":0,"parameters":[]}],"name":"","switchId":1,"trigger":0},
{"id":14,"list":[{"code":111,"indent":0,"parameters":[0,12,0]},{"code":111,"indent":1,"parameters":[0,13,0]},{"code":119,"indent":2,"parameters":["guard 2 Investigate"]},{"code":0,"indent":2,"parameters":[]},{"code":411,"indent":1,"parameters":[]},{"code":118,"indent":2,"parameters":["guard 2 Investigate"]},{"code":111,"indent":2,"parameters":[12,"Galv.DETECT.event(2,4,false,14)"]},{"code":122,"indent":3,"parameters":[8,8,0,3,5,2,0]},{"code":122,"indent":3,"parameters":[9,9,0,3,5,2,1]},{"code":205,"indent":3,"parameters":[2,{"list":[{"code":29,"parameters":[4],"indent":null},{"code":45,"parameters":["MOVE TO: 5, 11"],"indent":null},{"code":22,"indent":null},{"code":45,"parameters":["this._detector(0)"],"indent":null},{"code":15,"parameters":[60],"indent":null},{"code":20,"indent":null},{"code":45,"parameters":["this._detector(0)"],"indent":null},{"code":15,"parameters":[60],"indent":null},{"code":22,"indent":null},{"code":15,"parameters":[60],"indent":0},{"code":45,"parameters":["this._detector(0)"],"indent":null},{"code":45,"parameters":["MOVE TO: $gameVariables.value(8), $gameVariables.value(9)"],"indent":null},{"code":45,"parameters":["this.detector(0)"],"indent":null},{"code":0}],"repeat":false,"skippable":false,"wait":false}]},{"code":505,"indent":3,"parameters":[{"code":29,"parameters":[4],"indent":null}]},{"code":505,"indent":3,"parameters":[{"code":45,"parameters":["MOVE TO: 5, 11"],"indent":null}]},{"code":505,"indent":3,"parameters":[{"code":22,"indent":null}]},{"code":505,"indent":3,"parameters":[{"code":45,"parameters":["this._detector(0)"],"indent":null}]},{"code":505,"indent":3,"parameters":[{"code":15,"parameters":[60],"indent":null}]},{"code":505,"indent":3,"parameters":[{"code":20,"indent":null}]},{"code":505,"indent":3,"parameters":[{"code":45,"parameters":["this._detector(0)"],"indent":null}]},{"code":505,"indent":3,"parameters":[{"code":15,"parameters":[60],"indent":null}]},{"code":505,"indent":3,"parameters":[{"code":22,"indent":null}]},{"code":505,"indent":3,"parameters":[{"code":15,"parameters":[60],"indent":0}]},{"code":505,"indent":3,"parameters":[{"code":45,"parameters":["this._detector(0)"],"indent":null}]},{"code":505,"indent":3,"parameters":[{"code":45,"parameters":["MOVE TO: $gameVariables.value(8), $gameVariables.value(9)"],"indent":null}]},{"code":505,"indent":3,"parameters":[{"code":45,"parameters":["this.detector(0)"],"indent":null}]},{"code":121,"indent":3,"parameters":[12,12,1]},{"code":115,"indent":3,"parameters":[]},{"code":0,"indent":3,"parameters":[]},{"code":412,"indent":2,"parameters":[]},{"code":0,"indent":2,"parameters":[]},{"code":412,"indent":1,"parameters":[]},{"code":0,"indent":1,"parameters":[]},{"code":411,"indent":0,"parameters":[]},{"code":119,"indent":1,"parameters":["guard 1/3 Investigate"]},{"code":0,"indent":1,"parameters":[]},{"code":412,"indent":0,"parameters":[]},{"code":111,"indent":0,"parameters":[0,13,0]},{"code":111,"indent":1,"parameters":[0,12,0]},{"code":119,"indent":2,"parameters":["guard 2 Investigate"]},{"code":0,"indent":2,"parameters":[]},{"code":411,"indent":1,"parameters":[]},{"code":118,"indent":2,"parameters":["guard 1/3 Investigate"]},{"code":111,"indent":2,"parameters":[12,"Galv.DETECT.event(1,4,false,16)"]},{"code":122,"indent":3,"parameters":[8,8,0,3,5,1,0]},{"code":122,"indent":3,"parameters":[9,9,0,3,5,1,1]},{"code":205,"indent":3,"parameters":[1,{"list":[{"code":29,"parameters":[4],"indent":null},{"code":45,"parameters":["MOVE TO: 15, 8"],"indent":null},{"code":45,"parameters":["this._detector(0)"],"indent":null},{"code":15,"parameters":[60],"indent":null},{"code":20,"indent":null},{"code":45,"parameters":["this.detector(0)"],"indent":0},{"code":15,"parameters":[60],"indent":null},{"code":21,"indent":null},{"code":45,"parameters":["this.detector(0)"],"indent":0},{"code":15,"parameters":[60],"indent":null},{"code":18,"indent":null},{"code":45,"parameters":["this.detector(0)"],"indent":0},{"code":15,"parameters":[60],"indent":null},{"code":45,"parameters":["MOVE TO: $gameVariables.value(8), $gameVariables.value(9)"],"indent":null},{"code":45,"parameters":["this.detector(0)"],"indent":null},{"code":0}],"repeat":false,"skippable":false,"wait":false}]},{"code":505,"indent":3,"parameters":[{"code":29,"parameters":[4],"indent":null}]},{"code":505,"indent":3,"parameters":[{"code":45,"parameters":["MOVE TO: 15, 8"],"indent":null}]},{"code":505,"indent":3,"parameters":[{"code":45,"parameters":["this._detector(0)"],"indent":null}]},{"code":505,"indent":3,"parameters":[{"code":15,"parameters":[60],"indent":null}]},{"code":505,"indent":3,"parameters":[{"code":20,"indent":null}]},{"code":505,"indent":3,"parameters":[{"code":45,"parameters":["this.detector(0)"],"indent":0}]},{"code":505,"indent":3,"parameters":[{"code":15,"parameters":[60],"indent":null}]},{"code":505,"indent":3,"parameters":[{"code":21,"indent":null}]},{"code":505,"indent":3,"parameters":[{"code":45,"parameters":["this.detector(0)"],"indent":0}]},{"code":505,"indent":3,"parameters":[{"code":15,"parameters":[60],"indent":null}]},{"code":505,"indent":3,"parameters":[{"code":18,"indent":null}]},{"code":505,"indent":3,"parameters":[{"code":45,"parameters":["this.detector(0)"],"indent":0}]},{"code":505,"indent":3,"parameters":[{"code":15,"parameters":[60],"indent":null}]},{"code":505,"indent":3,"parameters":[{"code":45,"parameters":["MOVE TO: $gameVariables.value(8), $gameVariables.value(9)"],"indent":null}]},{"code":505,"indent":3,"parameters":[{"code":45,"parameters":["this.detector(0)"],"indent":null}]},{"code":0,"indent":3,"parameters":[]},{"code":412,"indent":2,"parameters":[]},{"code":111,"indent":2,"parameters":[12,"Galv.DETECT.event(15,4,false,16)"]},{"code":122,"indent":3,"parameters":[8,8,0,3,5,15,0]},{"code":122,"indent":3,"parameters":[9,9,0,3,5,15,1]},{"code":205,"indent":3,"parameters":[15,{"list":[{"code":29,"parameters":[4],"indent":null},{"code":45,"parameters":["MOVE TO: 16, 11"],"indent":null},{"code":45,"parameters":["this._detector(0)"],"indent":null},{"code":15,"parameters":[60],"indent":null},{"code":20,"indent":null},{"code":45,"parameters":["this.detector(0)"],"indent":0},{"code":15,"parameters":[60],"indent":null},{"code":21,"indent":null},{"code":45,"parameters":["this.detector(0)"],"indent":0},{"code":15,"parameters":[60],"indent":null},{"code":18,"indent":null},{"code":45,"parameters":["this.detector(0)"],"indent":0},{"code":15,"parameters":[60],"indent":null},{"code":45,"parameters":["MOVE TO: $gameVariables.value(8), $gameVariables.value(9)"],"indent":null},{"code":45,"parameters":["this.detector(0)"],"indent":null},{"code":0}],"repeat":false,"skippable":false,"wait":false}]},{"code":505,"indent":3,"parameters":[{"code":29,"parameters":[4],"indent":null}]},{"code":505,"indent":3,"parameters":[{"code":45,"parameters":["MOVE TO: 16, 11"],"indent":null}]},{"code":505,"indent":3,"parameters":[{"code":45,"parameters":["this._detector(0)"],"indent":null}]},{"code":505,"indent":3,"parameters":[{"code":15,"parameters":[60],"indent":null}]},{"code":505,"indent":3,"parameters":[{"code":20,"indent":null}]},{"code":505,"indent":3,"parameters":[{"code":45,"parameters":["this.detector(0)"],"indent":0}]},{"code":505,"indent":3,"parameters":[{"code":15,"parameters":[60],"indent":null}]},{"code":505,"indent":3,"parameters":[{"code":21,"indent":null}]},{"code":505,"indent":3,"parameters":[{"code":45,"parameters":["this.detector(0)"],"indent":0}]},{"code":505,"indent":3,"parameters":[{"code":15,"parameters":[60],"indent":null}]},{"code":505,"indent":3,"parameters":[{"code":18,"indent":null}]},{"code":505,"indent":3,"parameters":[{"code":45,"parameters":["this.detector(0)"],"indent":0}]},{"code":505,"indent":3,"parameters":[{"code":15,"parameters":[60],"indent":null}]},{"code":505,"indent":3,"parameters":[{"code":45,"parameters":["MOVE TO: $gameVariables.value(8), $gameVariables.value(9)"],"indent":null}]},{"code":505,"indent":3,"parameters":[{"code":45,"parameters":["this.detector(0)"],"indent":null}]},{"code":0,"indent":3,"parameters":[]},{"code":412,"indent":2,"parameters":[]},{"code":0,"indent":2,"parameters":[]},{"code":412,"indent":1,"parameters":[]},{"code":121,"indent":1,"parameters":[13,13,1]},{"code":115,"indent":1,"parameters":[]},{"code":0,"indent":1,"parameters":[]},{"code":411,"indent":0,"parameters":[]},{"code":119,"indent":1,"parameters":["guard 2 Investigate"]},{"code":0,"indent":1,"parameters":[]},{"code":412,"indent":0,"parameters":[]},{"code":0,"indent":0,"parameters":[]}],"name":"Proto Map-1 Investigation Controller","switchId":1,"trigger":0},
{"id":15,"list":[{"code":0,"indent":0,"parameters":[]}],"name":"","switchId":1,"trigger":0}
]